"","STNNBR","SAMPNO","CTDPRS","CTDTMP","CTDSAL","OXYGEN_mlperl","OXYGEN_umolperkg"
"1",7,433026,73.573,7.7953,8.0715,8.101,359.431981944829
"2",7,433027,60.329,8.0979,8.4302,8.457,375.155757301323
"3",7,433028,50.366,8.2845,8.6306,8.642,383.327104360147
"4",7,433029,40.211,8.3617,8.7139,NA,NA
"5",7,433030,30.726,8.3764,8.7205,8.75,388.129699167536
"6",7,433031,19.851,8.398,8.7375,NA,NA
"7",7,433032,9.672,8.3634,8.7238,8.788,389.852609659994
"8",7,433033,1.465,8.3262,8.7081,8.694,385.700973487065
"9",9,433034,169.704,4.4724,4.6295,4.724,210.029026174701
"10",9,433035,149.763,4.7666,4.951,5,222.267033558545
"11",9,433036,100.179,7.6647,7.993,7.997,354.790799374714
"12",9,433037,80.187,8.0285,8.3726,NA,NA
"13",9,433038,59.539,8.4178,8.7419,NA,NA
"14",9,433039,50.304,8.5121,8.854,8.893,394.400445867653
"15",9,433040,39.785,8.5848,8.9473,NA,NA
"16",9,433041,30.175,8.5299,8.8425,NA,NA
"17",9,433042,20.346,8.8139,9.099,NA,NA
"18",9,433043,9.892,8.435,8.7821,8.818,391.167877974929
"19",9,433044,1.267,8.344,8.7027,8.719,386.812669087544
"20",11,433045,322.043,2.7316,2.8035,2.878,128.042989744004
"21",11,433046,200.702,3.7362,3.8732,3.939,175.203585259724
"22",11,433047,150.38,5.714,5.9572,5.907,262.387880935223
"23",11,433048,100.477,7.3882,7.6868,7.703,341.820926099264
"24",11,433049,80.22,7.5949,7.9063,7.931,351.917757543239
"25",11,433050,60.007,7.9286,8.2544,8.279,367.305053042479
"26",11,433051,50.135,7.9751,8.2925,8.327,369.442381337709
"27",11,433052,39.972,7.9651,8.2961,NA,NA
"28",11,433053,29.671,8.0304,8.3672,NA,NA
"29",11,433054,20.401,8.0661,8.4067,NA,NA
"30",11,433055,9.666,8.1933,8.5515,8.483,376.366953515938
"31",11,433056,1.936,8.1983,8.5713,8.58,380.678803812268
"32",13,433057,462.771,3.1153,3.1972,3.301,146.715712699258
"33",13,433058,399.831,3.0476,3.143,3.22,143.16561959602
"34",13,433059,300.235,2.9936,3.0913,3.177,141.328389659189
"35",13,433060,199.996,4.2783,4.4592,4.472,198.821598127769
"36",13,433061,151.383,5.664,5.8912,5.911,262.577254508953
"37",13,433062,101.652,7.4357,7.7699,7.752,343.972373769806
"38",13,433063,81.552,7.8687,8.2003,8.263,366.571392276828
"39",13,433064,61.93,7.9192,8.2278,8.282,367.442113522209
"40",13,433065,51.425,7.9028,8.1912,8.453,375.057576249239
"41",13,433066,41.345,8.0278,8.3622,NA,NA
"42",13,433067,31.251,8.0648,8.4154,8.468,375.698652212917
"43",13,433068,21.009,8.1756,8.5119,NA,NA
"44",13,433069,11.53,8.2035,8.5369,8.655,383.999420317551
"45",13,433070,2.588,8.1934,8.5171,8.598,381.492155658789
"46",17,433071,468.844,3.2983,3.3975,3.52,156.420278739485
"47",17,433072,403.97,3.001,3.0927,3.197,142.14575841925
"48",17,433073,302.532,3.1041,3.2125,3.307,147.09567387011
"49",17,433074,201.354,4.2347,4.3894,4.57,203.188252873873
"50",17,433075,151.387,5.069,5.2579,5.336,237.14667257223
"51",17,433076,100.028,6.6105,6.8929,6.889,305.873167689426
"52",17,433077,80.348,7.1834,7.5044,7.433,329.913114451802
"53",17,433078,60.563,7.5694,7.9102,7.885,349.907501345535
"54",17,433079,50.623,7.7045,8.0339,NA,NA
"55",17,433080,40.259,7.9575,8.2869,8.329,369.549458758116
"56",17,433081,30.608,8.0675,8.4045,NA,NA
"57",17,433082,20.18,8.165,8.5332,8.589,381.05540620449
"58",17,433083,10.302,8.182,8.5134,NA,NA
"59",17,433084,2.955,8.2082,8.5394,NA,NA
"60",17,433085,2.842,8.1987,8.5465,NA,NA
"61",19,433086,247.224,3.6646,3.7825,3.867,171.974225276974
"62",19,433087,200.853,4.3614,4.5216,4.575,203.390459591673
"63",19,433088,150.198,5.0092,5.2128,5.231,232.489254367673
"64",19,433089,99.98,5.837,6.1267,6.076,269.925951650337
"65",19,433090,80.842,6.091,6.3695,6.338,281.541265911894
"66",19,433091,60.141,7.1513,7.4643,7.424,329.554894671671
"67",19,433092,50.847,7.3864,7.7178,7.58,336.433955989916
"68",19,433093,40.21,7.4796,7.791,7.82,347.086408389641
"69",19,433094,30.425,7.6352,7.9905,7.874,349.449306520312
"70",19,433095,20.211,7.7874,8.1063,8.076,358.403493417316
"71",19,433096,10.53,7.9341,8.2941,8.27,366.980605033274
"72",19,433097,2.061,7.9772,8.2954,8.338,370.013898265998
"73",19,433098,2.076,7.978,8.2889,NA,NA
"74",21,433099,170.555,7.2807,7.5511,7.58,336.283718619854
"75",21,433100,151.066,7.3245,7.5946,7.601,337.236260544086
"76",21,433101,101.579,7.8204,8.1225,8.074,358.173053546025
"77",21,433102,76.115,8.073,8.3873,8.39,372.167433637124
"78",21,433103,51.949,8.6192,8.9342,8.894,394.421158519873
"79",21,433104,39.955,8.7733,9.1226,9.058,401.66400350415
"80",21,433105,30.599,9.0082,9.386,9.283,411.584965793974
"81",21,433106,19.988,9.0986,9.5023,9.371,415.473769468172
"82",21,433107,10.272,8.7239,9.0737,9.117,404.350216585091
"83",21,433108,5.509,8.7175,9.0601,9.027,400.371571312473
"84",29,433109,339.475,6.4874,6.719,6.844,303.567425593458
"85",29,433110,339.082,6.4949,6.7238,6.857,304.143627180587
"86",29,433111,339.59,6.4808,6.7234,6.818,302.412852581483
"87",29,433112,338.807,6.4827,6.7258,6.821,302.546516212488
"88",29,433113,339.519,6.483,6.7242,6.822,302.590230848193
"89",29,433114,300.567,6.4919,6.7209,6.821,302.602876498056
"90",29,433115,250.151,6.6414,6.8686,6.953,308.50038302894
"91",29,433116,200.621,6.9955,7.2437,7.304,324.063583008036
"92",29,433117,150.2,7.1605,7.4102,7.442,330.226585130776
"93",29,433118,104.304,7.2109,7.4513,7.484,332.15330730117
"94",29,433119,79.743,7.2476,7.5146,7.516,333.596924488504
"95",29,433120,61.464,7.3082,7.558,7.58,336.45692254325
"96",29,433121,50.212,7.4234,7.694,7.628,338.572648338926
"97",29,433122,39.856,7.5479,7.8283,7.817,346.945568704359
"98",29,433123,29.925,7.6093,7.8822,NA,NA
"99",29,433124,29.765,7.5959,7.8877,NA,NA
"100",29,433125,29.898,7.6027,7.8634,NA,NA
"101",29,433126,30.087,7.6134,7.8863,7.902,350.720372177874
"102",29,433127,19.339,7.7078,7.9681,8.072,358.263724848654
"103",29,433128,9.609,7.9696,8.3079,8.36,370.973076920008
"104",29,433129,2.954,8.0461,8.369,NA,NA
"105",29,433130,2.949,8.0254,8.3561,NA,NA
"106",29,433131,2.951,8.0377,8.3617,NA,NA
"107",29,433132,2.961,8.0372,8.3425,8.404,372.929385866346
"108",35,433133,1028.175,6.317,6.5354,6.724,297.316644306295
"109",35,433134,920.159,6.3431,6.5817,6.735,297.943639423497
"110",35,433135,820.518,6.4028,6.646,6.773,299.751305291682
"111",35,433136,719.857,6.3275,6.5576,6.703,296.812500835923
"112",35,433137,592.229,6.3315,6.5896,6.707,297.161284444426
"113",35,433138,469.805,6.3531,6.5973,6.708,297.376571970752
"114",35,433139,360.978,6.5331,6.7643,6.879,305.07886644402
"115",35,433140,260.955,6.4569,6.6961,6.801,301.777656517743
"116",35,433141,169.837,6.498,6.739,6.83,303.186798868352
"117",35,433142,99.895,6.8285,7.083,7.132,316.620075051714
"118",35,433143,81.459,7.0789,7.3772,NA,NA
"119",35,433144,60.568,7.2714,7.5699,NA,NA
"120",35,433145,50.825,7.4117,7.6826,7.702,341.858916197988
"121",35,433146,38.631,7.6192,7.9329,NA,NA
"122",35,433147,30.02,7.7538,8.0259,8.053,357.387546226315
"123",35,433148,19.966,7.8332,8.1068,NA,NA
"124",35,433149,10.783,7.8655,8.1297,NA,NA
"125",38,433151,2228.209,6.0054,6.2113,6.432,282.897783096268
"126",38,433152,2101.524,5.997,6.214,6.416,282.356111539485
"127",38,433153,1951.814,5.9976,6.1991,6.399,281.803957781177
"128",38,433154,1780.46,5.9804,6.1817,6.374,280.927101587404
"129",38,433155,1600.984,5.9716,6.1703,6.35,280.103218423743
"130",38,433156,1401.153,5.9618,6.1773,6.343,280.051837766653
"131",38,433157,1250.491,6.0614,6.2691,6.436,284.339397402479
"132",38,433158,1100.713,6.3164,6.5671,6.729,297.429628791504
"133",38,433159,950.878,6.377,6.6203,6.741,298.158057838098
"134",38,433160,800.457,6.4007,6.6398,6.769,299.603907826225
"135",38,433161,650.799,6.387,6.6332,6.771,299.904946399993
"136",38,433162,499.684,6.4442,6.6843,6.822,302.369002609177
"137",38,433163,369.836,6.4576,6.7089,6.81,302.017548610706
"138",38,433164,260.017,6.4885,6.7383,6.836,303.322682349094
"139",38,433165,169.732,6.5468,6.8064,6.873,305.080619518597
"140",38,433166,100.839,6.7321,7.0505,7.108,315.559194558176
"141",38,433167,79.965,6.9059,7.1719,7.275,322.978412756753
"142",38,433168,60.6,7.0727,7.3529,7.426,329.669782952886
"143",38,433169,50.916,7.176,7.4642,NA,NA
"144",38,433170,40.434,7.3638,7.6449,NA,NA
"145",38,433171,30.34,7.4064,7.713,7.764,344.63610099483
"146",38,433172,19.541,7.5894,7.8666,NA,NA
"147",38,433173,10.179,7.5776,7.8908,7.941,352.482466773013
"148",38,433174,1.001,7.517,7.8085,NA,NA
"149",42,433175,2700.303,6.2293,6.414,6.648,291.737652386554
"150",42,433176,2599.323,6.2255,6.4086,6.686,293.53944736489
"151",42,433177,2511.301,6.178,6.3625,6.571,288.61343402364
"152",42,433178,2411.877,6.1011,6.2808,6.506,285.902085469751
"153",42,433179,2290.107,6.093,6.2797,6.485,285.13651266812
"154",42,433180,2151.807,6.0629,6.2519,6.447,283.649077662601
"155",42,433181,1991.211,6.0517,6.2563,6.428,283.019215346195
"156",42,433182,1810.393,6.0257,6.2145,6.379,281.102938078283
"157",42,433183,1609.661,5.9868,6.1859,6.336,279.471501406935
"158",42,433184,1410.895,5.9631,6.1726,6.319,278.980624136521
"159",42,433185,1210.38,6.1216,6.3341,NA,NA
"160",42,433186,1030.83,6.4576,6.679,6.807,300.953058050749
"161",42,433187,849.755,6.4101,6.6455,6.771,299.621941105403
"162",42,433188,670.846,6.4541,6.6977,6.772,299.907359029148
"163",42,433189,509.827,6.494,6.7346,6.823,302.388046259191
"164",42,433190,370.587,6.5067,6.7332,6.817,302.322195703301
"165",42,433191,250.382,6.5284,6.7663,6.821,302.665174219027
"166",42,433192,149.663,6.5481,6.8012,6.851,304.134465254069
"167",42,433193,99.95,6.7353,6.9775,6.998,310.694852685128
"168",42,433194,50.878,7.0717,7.3212,7.336,325.697448722238
"169",42,433195,29.639,7.1922,7.4391,NA,NA
"170",42,433196,20.453,7.2524,7.5231,7.566,335.908848301956
"171",42,433197,10.138,7.3915,7.6957,NA,NA
"172",42,433198,2.14,7.5373,7.8606,7.787,345.667045695312
"173",45,433199,2165.874,6.0773,6.2898,6.487,285.382877388439
"174",45,433200,1970.659,6.0573,6.2499,6.473,285.028870513916
"175",45,433201,1900.474,6.059,6.2345,6.434,283.406015305442
"176",45,433202,1810.318,6.0458,6.244,6.436,283.608997108666
"177",45,433203,1690.223,6.039,6.2464,6.418,282.971425045635
"178",45,433204,1549.975,6.0361,6.235,6.393,282.054110247598
"179",45,433205,1391.356,6.0208,6.2149,6.385,281.912280966656
"180",45,433206,1211.413,6.0034,6.1876,6.338,280.077098094154
"181",45,433207,1031.04,6.0123,6.2142,6.362,281.369308641954
"182",45,433208,891.284,6.1511,6.385,6.5,287.626169400941
"183",45,433209,670.977,6.4092,6.6498,6.75,298.942985523255
"184",45,433210,509.998,6.5201,6.7488,6.845,303.360035108299
"185",45,433211,370.304,6.5234,6.7706,6.836,303.156733448195
"186",45,433212,251.108,6.5941,6.8466,6.905,306.373544186692
"187",45,433213,160.184,6.7289,6.9839,7.015,311.358468099076
"188",45,433214,100.106,6.8192,7.0901,7.116,315.907501338338
"189",45,433215,79.571,6.9188,7.1892,7.204,319.822880611956
"190",45,433216,59.909,7.064,7.3399,7.38,327.631863504059
"191",45,433217,49.531,7.1023,7.393,7.437,330.165882002526
"192",45,433218,39.571,7.1979,7.4666,NA,NA
"193",45,433219,29.241,7.319,7.6034,7.575,336.274906593373
"194",45,433220,18.977,7.4029,7.6766,NA,NA
"195",45,433221,10.354,7.6815,7.9516,8.013,355.664105785902
"196",45,433222,2.875,7.6972,7.9644,NA,NA
"197",51,433223,1002.466,6.2653,6.501,NA,NA
"198",51,433224,503.313,6.4543,6.6955,NA,NA
"199",51,433225,201.232,6.3878,6.6406,6.728,298.635127631574
"200",51,433226,151.316,6.4091,6.6482,6.7,297.461821484244
"201",51,433227,100.394,6.4036,6.6436,7.331,325.55683753743
"202",51,433228,78.788,6.5954,6.8822,6.883,305.640053403552
"203",51,433229,59.455,7.07,7.3669,NA,NA
"204",51,433230,59.131,7.0393,7.3248,NA,NA
"205",51,433231,59.39,7.0489,7.3388,7.322,325.057721076157
"206",51,433232,49.191,7.3543,7.6305,7.563,335.704103052895
"207",51,433233,39.542,7.5177,7.8182,NA,NA
"208",51,433234,39.396,7.5127,7.8177,7.839,347.924699099983
"209",51,433235,29.245,7.6979,7.9871,NA,NA
"210",51,433236,29.072,7.644,7.9574,NA,NA
"211",51,433237,29.241,7.6594,7.9473,NA,NA
"212",51,433238,29.546,7.6744,7.9637,7.99,354.607373837463
"213",51,433239,18.926,7.8478,8.1285,NA,NA
"214",51,433240,18.934,7.832,8.087,8.117,360.231913418657
"215",51,433241,9.016,7.7897,8.0803,NA,NA
"216",51,433242,9.04,7.7972,8.0859,8.107,359.804303163959
"217",51,433243,2.725,7.7972,8.0626,NA,NA
"218",51,433244,2.718,7.7794,8.0675,NA,NA
"219",51,433245,2.747,7.796,8.0812,NA,NA
"220",51,433246,2.771,7.8006,8.0592,8.104,359.689431563482
"221",59,433247,3156.474,6.3998,6.596,6.836,299.343436717058
"222",59,433248,3099.274,6.3893,6.5951,6.903,302.35380842645
"223",59,433249,3020.574,6.3157,6.5102,6.742,295.421309798618
"224",59,433250,2921.428,6.1747,6.3758,6.589,288.868897108194
"225",59,433251,2809.888,6.1062,6.3203,6.521,286.03993263329
"226",59,433252,2690.953,6.0665,6.2728,6.479,284.358175147742
"227",59,433253,2562.555,6.0625,6.2598,6.453,283.383427515766
"228",59,433254,2409.833,6.0349,6.2475,6.43,282.570009511735
"229",59,433255,2230.313,6.0146,6.2261,6.399,281.440760185958
"230",59,433256,2009.566,5.94,6.1663,6.314,277.992554242453
"231",59,433257,1788.432,6.4444,6.6931,6.848,301.702788521683
"232",59,433258,1551.044,6.4923,6.7345,6.88,303.435292516661
"233",59,433259,1310.972,6.5111,6.7648,6.889,304.163015205335
"234",59,433260,1090.704,6.5131,6.7989,6.926,306.101915689131
"235",59,433261,892.033,6.5427,6.8113,6.912,305.764703477712
"236",59,433262,712.167,6.5661,6.8484,6.935,307.033027783373
"237",59,433263,551.646,6.5392,6.8237,6.881,304.878137919762
"238",59,433264,400.62,6.552,6.8357,6.872,304.694549473037
"239",59,433265,290.682,6.5804,6.8869,6.899,306.039806585495
"240",59,433266,190.825,6.3918,6.6746,6.712,297.931895586309
"241",59,433267,99.353,6.4244,6.7106,6.73,298.853675014649
"242",59,433268,51.325,6.3882,6.6728,6.694,297.331572049118
"243",59,433269,25.643,6.6296,6.9151,6.925,307.575974343028
"244",59,433270,2.993,7.6295,7.9803,8.004,355.267675276039
"245",62,433271,3373.698,6.3863,6.5838,6.839,299.189571936411
"246",62,433272,3301.158,6.3767,6.5788,6.805,297.798203494519
"247",62,433273,3221.491,6.365,6.5624,6.81,298.125208975665
"248",62,433274,3120.616,6.2982,6.4945,6.719,294.285438022195
"249",62,433275,2999.704,6.2021,6.3846,6.612,289.775119492488
"250",62,433276,2860.175,6.127,6.3291,NA,NA
"251",62,433277,2700.631,6.0819,6.279,6.481,284.432762224967
"252",62,433278,2520.331,6.0497,6.255,6.444,283.04271528868
"253",62,433279,2318.756,6.0007,6.209,6.386,280.759421359732
"254",62,433280,2098.886,6.0107,6.2299,6.388,281.124254751065
"255",62,433281,1740.433,5.9846,6.2119,6.346,279.738198600951
"256",62,433282,1641.884,6.3042,6.5621,6.706,295.671166677602
"257",62,433283,1400.097,6.496,6.7542,6.857,302.627274878453
"258",62,433284,1179.424,6.5234,6.7871,6.932,306.243628722575
"259",62,433285,959.08,6.5419,6.8133,6.9,305.137614066668
"260",62,433286,759.334,6.5399,6.8181,6.9,305.422277698102
"261",62,433287,579.784,6.5059,6.7893,6.864,304.091878927461
"262",62,433288,430.682,6.5159,6.7988,6.86,304.127106008431
"263",62,433289,298.692,6.4572,6.7393,6.777,300.648566358928
"264",62,433290,201.042,6.4729,6.7652,6.813,302.380467046476
"265",62,433291,100.862,6.8385,7.1495,7.173,318.422450667178
"266",62,433292,50.951,6.7204,7.0263,7.031,312.220825167321
"267",62,433293,26.208,7.2831,7.6295,7.651,339.645857443749
"268",62,433294,2.294,7.442,7.78,7.781,345.419675043186
"269",69,433295,1052.463,6.4996,6.7635,6.883,304.263696965709
"270",69,433296,499.073,6.5889,6.8752,6.915,306.449579864764
"271",69,433297,200.03,6.6436,6.9319,6.972,309.401989919269
"272",69,433298,149.409,6.63,6.9293,6.977,309.6989521603
"273",69,433299,99.207,6.9341,7.2597,7.294,323.770659334727
"274",69,433300,79.376,6.9572,7.2721,NA,NA
"275",69,433301,59.136,6.9883,7.2906,7.316,324.802611165516
"276",69,433302,58.837,6.9892,7.2991,NA,NA
"277",69,433303,58.937,7.0156,7.3227,NA,NA
"278",69,433304,49.402,7.0265,7.3465,NA,NA
"279",69,433305,39.394,7.1305,7.4598,7.465,331.408330692969
"280",69,433306,39.265,7.1108,7.4457,NA,NA
"281",69,433307,29.665,7.1935,7.5166,NA,NA
"282",69,433308,29.565,7.2049,7.513,NA,NA
"283",69,433309,30.145,7.1947,7.5151,NA,NA
"284",69,433310,30.507,7.1953,7.5301,NA,NA
"285",69,433311,19.725,7.3571,7.6748,NA,NA
"286",69,433312,19.291,7.37,7.7002,NA,NA
"287",69,433313,9.866,7.369,7.6978,7.726,342.985847032714
"288",69,433314,9.832,7.3745,7.7059,NA,NA
"289",69,433315,2.096,7.3849,7.7184,NA,NA
"290",69,433316,1.294,7.3974,7.7306,NA,NA
"291",69,433317,0.966,7.3921,7.7418,NA,NA
"292",69,433318,2.142,7.4039,7.7257,NA,NA
"293",77,433319,3537.232,6.3674,6.5572,6.817,298.017740319832
"294",77,433320,3459.447,6.2887,6.4765,6.722,293.97973817905
"295",77,433321,3380.828,6.1189,6.2916,6.531,285.758640769197
"296",77,433322,3281.518,6.0782,6.2703,6.508,284.880423790674
"297",77,433323,3160.004,6.0752,6.2617,6.492,284.334961079274
"298",77,433324,3030.779,6.1226,6.3156,6.542,286.679681429006
"299",77,433325,2859.81,6.0403,6.2324,6.437,282.308707783054
"300",77,433326,2660.315,6.0094,6.2073,6.402,281.029476132879
"301",77,433327,2441.943,5.9992,6.2052,6.39,280.779300283508
"302",77,433328,2211.092,5.963,6.1785,6.346,279.142720544487
"303",77,433329,1970.012,5.9397,6.155,6.312,277.957200509567
"304",77,433330,1730.258,6.3287,6.5751,6.715,295.945442257208
"305",77,433331,1500.711,6.5007,6.766,6.892,304.028002031507
"306",77,433332,1280.131,6.5235,6.7836,6.898,304.599883837106
"307",77,433333,1070.886,6.5276,6.7966,6.896,304.805113700033
"308",77,433334,871.608,6.5411,6.8028,6.9,305.26503796952
"309",77,433335,680.026,6.5278,6.7982,6.887,304.965025174805
"310",77,433336,510.506,6.5191,6.7971,6.846,303.392211112024
"311",77,433337,360.843,6.5499,6.8345,6.877,304.974036555157
"312",77,433338,220.917,6.6154,6.9011,6.935,307.736218755186
"313",77,433339,100.247,6.7569,7.0534,7.077,314.183637199911
"314",77,433340,51.287,7.0511,7.3715,7.395,328.302881601371
"315",77,433341,25.537,7.2239,7.5526,7.574,336.24745751856
"316",77,433342,2.12,7.2564,7.5628,7.591,337.037871676806
"317",82,433343,3199.371,6.1338,6.3279,NA,NA
"318",82,433344,1958.838,6.1275,6.3703,NA,NA
"319",85,433345,3561.744,6.3701,6.5486,6.788,296.720028114187
"320",85,433346,3490.453,6.347,6.5418,6.812,297.862979441146
"321",85,433347,3397.707,6.2663,6.4555,6.692,292.751067952795
"322",85,433348,3290.812,6.1374,6.3214,6.58,288.011465354476
"323",85,433349,3168.975,6.0626,6.2583,6.478,283.710761706101
"324",85,433350,3030.482,6.0724,6.2608,6.493,284.542767318998
"325",85,433351,2868.937,6.0199,6.2168,6.419,281.51040486199
"326",85,433352,2682.271,6.0119,6.2034,6.405,281.134313568713
"327",85,433353,2470.974,5.9841,6.1846,6.375,280.087330922481
"328",85,433354,2250.219,5.9548,6.1622,6.33,278.392587295954
"329",85,433355,2010.395,5.9469,6.1568,6.314,277.993704845652
"330",85,433356,1771.707,6.4224,6.6704,6.836,301.201748999241
"331",85,433357,1531.171,6.4603,6.7142,6.853,302.275951228698
"332",85,433358,1290.774,6.5061,6.7662,6.895,304.455973811833
"333",85,433359,1068.98,6.5464,6.8139,6.906,305.246249750079
"334",85,433360,869.059,6.5513,6.8202,6.92,306.149655594342
"335",85,433361,682.375,6.5686,6.8353,6.918,306.326501257694
"336",85,433362,510.756,6.5818,6.86,6.916,306.4804270308
"337",85,433363,360.51,6.5859,6.8609,6.927,307.186316546377
"338",85,433364,219.91,6.6666,6.9444,6.988,310.080129934451
"339",85,433365,100.339,6.7787,7.0847,7.106,315.46369477213
"340",85,433366,49.531,7.031,7.3377,7.364,326.937537412779
"341",85,433367,26.434,7.1871,7.5027,7.547,335.05952920061
"342",85,433368,2.677,7.2502,7.5703,7.607,337.745243810655
"343",87,433369,997.875,6.565,6.8302,NA,NA
"344",87,433370,502.885,6.5951,6.8501,NA,NA
"345",87,433371,192.882,6.6329,6.9085,NA,NA
"346",87,433372,146.564,6.6758,6.9663,NA,NA
"347",87,433373,98.29,6.711,7.0103,NA,NA
"348",87,433374,79.778,6.8946,7.2127,NA,NA
"349",87,433375,58.962,7.0259,7.3552,NA,NA
"350",87,433376,59.072,7.0518,7.3533,NA,NA
"351",87,433377,59.757,7.047,7.3807,NA,NA
"352",87,433378,48.371,7.0566,7.3894,NA,NA
"353",87,433379,40.999,7.1118,7.4235,NA,NA
"354",87,433380,40.998,7.0946,7.4175,NA,NA
"355",87,433381,29.953,7.1167,7.4494,NA,NA
"356",87,433382,31.558,7.1228,7.4399,NA,NA
"357",87,433383,31.634,7.1206,7.4404,NA,NA
"358",87,433384,30.08,7.1373,7.4389,NA,NA
"359",87,433385,18.714,7.1328,7.4291,NA,NA
"360",87,433386,21.028,7.1196,7.4094,NA,NA
"361",87,433387,11.684,7.1457,7.4712,NA,NA
"362",87,433388,11.167,7.1316,7.4657,NA,NA
"363",87,433389,4.888,7.1533,7.4742,NA,NA
"364",87,433390,4.839,7.1566,7.4945,NA,NA
"365",87,433391,4.566,7.1714,7.4974,NA,NA
"366",87,433392,4.024,7.1568,7.4869,NA,NA
"367",91,433393,1699.726,6.4379,6.6719,NA,NA
"368",91,433394,806.349,6.4711,6.7368,NA,NA
"369",94,433395,3508.825,6.4252,6.6144,NA,NA
"370",94,433396,3450.999,6.4071,6.6044,6.868,300.352191043534
"371",94,433397,3371.148,6.3486,6.5357,6.78,296.620969309192
"372",94,433398,3271.742,6.2622,6.4389,6.691,292.87370767304
"373",94,433399,3151.983,6.149,6.3395,6.584,288.360476823451
"374",94,433400,3021.12,6.1073,6.286,6.526,285.996669197115
"375",94,433401,2862.999,6.0411,6.2386,6.449,282.829662501175
"376",94,433402,2663.312,6.0351,6.2327,6.44,282.689161935648
"377",94,433403,2438.931,6.0052,6.2098,6.407,281.529326431033
"378",94,433404,2209.055,6.0039,6.2123,6.38,280.634865677627
"379",94,433405,1974.67,6.0248,6.2401,6.395,281.59028469427
"380",94,433406,1727.825,6.4514,6.7046,6.863,302.445251140143
"381",94,433407,1500.757,6.4534,6.7194,6.855,302.405194192756
"382",94,433408,1281.314,6.4847,6.7437,6.873,303.502523493512
"383",94,433409,1071.841,6.4934,6.7593,6.872,303.750803784139
"384",94,433410,872.255,6.4905,6.7636,6.848,302.971518322548
"385",94,433411,681.849,6.4894,6.7701,6.863,303.905401419169
"386",94,433412,511.712,6.4775,6.7388,6.813,301.940822551057
"387",94,433413,362.338,6.4923,6.7709,6.838,303.256185097166
"388",94,433414,221.167,6.5238,6.811,6.869,304.826752246001
"389",94,433415,98.757,7.0416,7.3595,7.401,328.497818385717
"390",94,433416,51.134,7.0671,7.3947,7.419,329.363009557065
"391",94,433417,27.155,7.0617,7.3791,7.416,329.271351985535
"392",94,433418,1.862,7.0867,7.413,7.419,329.436143119374
"393",99,433419,998.995,6.4436,6.7191,NA,NA
"394",99,433420,500.374,6.5135,6.7894,NA,NA
"395",99,433421,200.798,6.552,6.8312,NA,NA
"396",99,433422,147.926,6.5636,6.8631,NA,NA
"397",99,433423,98.975,6.981,7.2954,NA,NA
"398",99,433424,80.279,6.9931,7.3183,NA,NA
"399",99,433425,60.398,7.0408,7.3569,NA,NA
"400",99,433426,60.291,7.0303,7.3571,NA,NA
"401",99,433427,60.622,7.0413,7.3648,NA,NA
"402",99,433428,49.37,7.0466,7.3702,NA,NA
"403",99,433429,40.121,7.0669,7.3796,NA,NA
"404",99,433430,39.278,7.0486,7.3791,NA,NA
"405",99,433431,30.563,7.0663,7.3846,NA,NA
"406",99,433432,30.758,7.0673,7.3742,NA,NA
"407",99,433433,30.556,7.0665,7.3799,NA,NA
"408",99,433434,31.167,7.0601,7.3802,NA,NA
"409",99,433435,19.73,7.0622,7.3876,NA,NA
"410",99,433436,20.135,7.0553,7.3845,NA,NA
"411",99,433437,9.384,7.08,7.4082,NA,NA
"412",99,433438,9.028,7.0907,7.4173,NA,NA
"413",99,433439,3.864,7.0982,7.4256,NA,NA
"414",99,433440,3.988,7.1029,7.4212,NA,NA
"415",99,433441,3.879,7.0981,7.4178,NA,NA
"416",99,433442,4.621,7.0931,7.432,NA,NA
"417",106,433443,3443.467,6.4233,6.6058,6.9,301.761969559805
"418",106,433444,3378.02,6.4112,6.6108,6.85,299.660040823688
"419",106,433445,3301.824,6.3831,6.565,6.814,298.194513588204
"420",106,433446,3196.966,6.2925,6.4831,6.721,294.275673225076
"421",106,433447,3079.702,6.2045,6.385,6.424,281.435670340563
"422",106,433448,2949.076,6.1343,6.3216,6.539,286.651741864262
"423",106,433449,2789.103,6.0893,6.2795,6.491,284.758707993559
"424",106,433450,2608.744,6.0984,6.2827,6.48,284.506158365687
"425",106,433451,2610.564,6.0868,6.2917,6.488,284.852749958267
"426",106,433452,2350.161,6.0315,6.2336,NA,NA
"427",106,433453,2050.474,6.0029,6.2259,6.386,281.098986061562
"428",106,433454,1780.725,5.9891,6.2085,6.361,280.348279046332
"429",106,433455,1497.625,6.2568,6.4995,6.646,293.233581416952
"430",106,433456,1278.888,6.3637,6.6251,6.763,298.672460022304
"431",106,433457,1069.576,6.4268,6.6859,6.797,300.454203616202
"432",106,433458,869.538,6.4296,6.6917,6.796,300.690009025871
"433",106,433459,680.207,6.4543,6.7174,6.801,301.173778241903
"434",106,433460,509.627,6.471,6.7439,6.814,301.986783171531
"435",106,433461,359.373,6.4862,6.7891,6.841,303.389075870486
"436",106,433462,220.274,6.5513,6.8464,6.888,305.66331922305
"437",106,433463,99.539,7.0488,7.3864,7.408,328.80056111656
"438",106,433464,49.689,7.2103,7.5236,7.556,335.41702942471
"439",106,433465,23.88,7.2089,7.534,7.557,335.499901091353
"440",106,433466,4.745,7.2466,7.5652,7.578,336.455602027834
"441",108,433467,3253.842,6.4368,6.6238,6.859,300.216377768601
"442",108,433468,3199.621,6.4424,6.6281,6.855,300.11252436261
"443",108,433469,3120.332,6.4035,6.5889,NA,NA
"444",108,433470,3020.297,6.2948,6.508,6.493,284.510686776516
"445",108,433471,2898.743,6.1844,6.379,6.581,288.547045125391
"446",108,433472,2773.903,6.1121,6.3103,6.507,285.474211482986
"447",108,433473,2621.221,6.0575,6.253,6.447,283.046418852635
"448",108,433474,2460.294,6.0629,6.2625,6.438,282.854667851576
"449",108,433475,2257.637,6.0391,6.2471,6.404,281.621925665941
"450",108,433476,2060.187,6.0044,6.2288,6.376,280.645778366889
"451",108,433477,1853.509,5.9989,6.2298,6.355,279.985889820857
"452",108,433478,1640.745,5.9874,6.2114,6.346,279.866955884979
"453",108,433479,1434.398,6.3537,6.6049,6.74,297.446575968137
"454",108,433480,1231.048,6.4386,6.6871,6.795,300.140032019761
"455",108,433481,1029.651,6.4701,6.7431,6.827,301.824350298542
"456",108,433482,842.212,6.4141,6.6794,6.764,299.315024155634
"457",108,433483,658.41,6.5073,6.7815,6.838,302.829532969143
"458",108,433484,478.048,6.4634,6.7531,6.796,301.231762640327
"459",108,433485,331.925,6.5521,6.818,6.866,304.531999854613
"460",108,433486,213.4,6.5781,6.8532,6.892,305.849752768409
"461",108,433487,102.531,6.9892,7.3114,7.336,325.617928236551
"462",108,433488,50.014,7.1534,7.4614,7.477,331.924398462544
"463",108,433489,24.002,7.1662,7.4806,7.477,331.960863880466
"464",108,433490,1.643,7.1772,7.5224,7.506,333.27329801486
"465",110,433491,3048.186,6.4145,6.6187,6.856,300.358981099145
"466",110,433492,2970.981,6.4097,6.6144,6.85,300.1999730557
"467",110,433493,2869.489,6.3403,6.5399,6.789,297.675423998982
"468",110,433494,2759.523,6.2086,6.3995,6.619,290.390364436167
"469",110,433495,2639.686,6.1378,6.3342,6.543,287.222318782917
"470",110,433496,2499.337,6.1109,6.3134,6.515,286.177703641363
"471",110,433497,2339.158,6.0502,6.2451,6.432,282.749390029888
"472",110,433498,2158.859,6.0402,6.2461,6.427,282.760636848422
"473",110,433499,1980.223,6.0239,6.2339,6.412,282.332980725078
"474",110,433500,1780.966,5.9994,6.2127,6.359,280.259194167943
"475",110,433501,1578.618,6.005,6.2328,6.348,280.03135168832
"476",110,433502,1380.888,6.0672,6.3053,6.416,283.276196062051
"477",110,433503,1180.639,6.3464,6.6107,6.721,296.95611859611
"478",110,433504,979.459,6.4435,6.7186,6.812,301.236877149746
"479",110,433505,800.945,6.4555,6.7186,6.811,301.445070827544
"480",110,433506,642.287,6.4132,6.6778,6.736,298.356933262786
"481",110,433507,501.054,6.4035,6.6829,6.746,298.998015445213
"482",110,433508,381.966,6.4566,6.7394,6.799,301.50515375006
"483",110,433509,260.205,6.5235,6.8044,6.854,304.106106226347
"484",110,433510,172.806,6.5472,6.8367,6.809,302.228192019285
"485",110,433511,101.875,6.9591,7.2628,7.352,326.340823140758
"486",110,433512,53.579,7.193,7.5329,7.547,335.008461746167
"487",110,433513,26.052,7.2342,7.562,7.58,336.510782102479
"488",110,433514,2.866,7.297,7.6371,7.63,338.74960302284
"489",111,433515,2889.571,6.3246,6.5205,6.759,296.337206862796
"490",111,433516,2841.616,6.3311,6.5271,6.759,296.399444252641
"491",111,433517,2760.422,6.3325,6.5304,6.776,297.252186654263
"492",111,433518,2660.264,6.2376,6.435,6.643,291.566304076223
"493",111,433519,2537.282,6.1276,6.3397,6.538,287.133670691908
"494",111,433520,2401.834,6.0844,6.296,6.485,284.988395409304
"495",111,433521,2241.167,6.0658,6.2612,6.445,283.443913490406
"496",111,433522,2061.251,6.04,6.2545,6.418,282.488561667862
"497",111,433523,1860.828,6.0167,6.2384,6.415,282.618477596524
"498",111,433524,1658.065,6.0085,6.2387,6.391,281.823636832242
"499",111,433525,1462.543,6.0352,6.265,6.392,282.117641332575
"500",111,433526,1260.737,6.0741,6.3018,6.438,284.407314400829
"501",111,433527,1059.864,6.4351,6.6893,6.798,300.511450334761
"502",111,433528,880.384,6.4429,6.6951,6.785,300.187571064859
"503",111,433529,709.962,6.4451,6.7129,6.799,301.043853964568
"504",111,433530,558.098,6.4578,6.7414,6.798,301.208929443676
"505",111,433531,428.769,6.5066,6.7899,6.852,303.777100488997
"506",111,433532,309.529,6.5133,6.8031,6.854,304.034853206573
"507",111,433533,199.867,6.5872,6.8929,6.922,307.19154974627
"508",111,433534,98.086,6.7987,7.1068,7.143,317.104626648166
"509",111,433535,49.076,6.8356,7.1373,7.155,317.704858088748
"510",111,433536,28.946,6.9012,7.2048,7.206,319.984683230045
"511",111,433537,18.571,6.8904,7.212,7.214,320.353767058592
"512",111,433538,4.568,6.9343,7.2579,7.273,322.984745870476
"513",115,433539,138.616,7.0468,7.3697,7.437,330.030593599987
"514",115,433540,99.547,7.3241,7.6396,7.652,339.570141831592
"515",115,433541,87.482,7.4587,7.7833,7.815,346.788135007145
"516",115,433542,77.081,7.4843,7.8068,7.836,347.731495544609
"517",115,433543,59.88,7.5127,7.8231,NA,NA
"518",115,433544,49.08,7.5297,7.8513,7.888,350.074694591183
"519",115,433545,39.674,7.5353,7.8579,7.873,349.42295076387
"520",115,433546,29.398,7.5805,7.8845,7.918,351.431259016756
"521",115,433547,18.691,7.6032,7.9141,9.152,406.212929877539
"522",115,433548,10.218,7.6007,7.9268,9.421,418.165153335577
"523",115,433549,3.794,7.6025,7.9155,NA,NA
"524",120,433550,97.238,7.8444,8.1657,NA,NA
"525",120,433551,78.993,7.8587,8.1897,NA,NA
"526",120,433552,60.003,7.9068,8.2337,NA,NA
"527",120,433553,59.752,7.8892,8.2332,NA,NA
"528",120,433554,60.282,7.9012,8.2313,NA,NA
"529",120,433555,49.342,7.8976,8.2311,NA,NA
"530",120,433556,39,7.9128,8.2318,NA,NA
"531",120,433557,39.979,7.9075,8.2418,NA,NA
"532",120,433558,28.94,7.9242,8.2614,NA,NA
"533",120,433559,29.004,7.9204,8.2633,NA,NA
"534",120,433560,29.351,7.9207,8.2474,NA,NA
"535",120,433561,29.07,7.9321,8.2391,NA,NA
"536",120,433562,19.138,7.9598,8.2851,NA,NA
"537",120,433563,19.359,7.9639,8.3084,NA,NA
"538",120,433564,9.29,8.1758,8.5343,NA,NA
"539",120,433565,10,8.21,8.5376,NA,NA
"540",120,433566,3.216,8.2192,8.5824,NA,NA
"541",120,433567,3.559,8.2195,8.5738,NA,NA
"542",120,433568,4.727,8.2322,8.5718,NA,NA
"543",120,433569,3.404,8.2259,8.5762,NA,NA
"544",126,433570,144.141,7.454,7.7725,7.831,347.407529068175
"545",126,433571,99.798,7.5454,7.8739,7.909,350.916458225947
"546",126,433572,79.987,7.6633,7.9958,8.039,356.687469248145
"547",126,433573,58.843,7.7045,8.0312,8.059,357.60204245962
"548",126,433574,48.925,7.7177,8.0582,NA,NA
"549",126,433575,38.277,7.7539,8.0651,8.094,359.182078844821
"550",126,433576,27.987,7.7475,8.0729,NA,NA
"551",126,433577,19.335,7.7577,8.0907,8.114,360.094900329907
"552",126,433578,9.739,7.7678,8.0942,8.102,359.578031807369
"553",126,433579,4.417,7.7818,8.1202,NA,NA
"554",130,433580,1017.325,6.3672,6.6391,6.772,299.431507952773
"555",130,433581,911.438,6.4109,6.6919,6.817,301.559418087949
"556",130,433582,758.359,6.4325,6.7237,6.842,302.87597450804
"557",130,433583,600.005,6.5343,6.8336,6.923,306.666543454783
"558",130,433584,470.691,6.6087,6.9057,7.002,310.339879571105
"559",130,433585,351.886,6.6733,6.9717,7.031,311.786086874213
"560",130,433586,249.357,6.6981,7.0046,7.067,313.527633577954
"561",130,433587,148.045,6.8362,7.134,7.175,318.443428608674
"562",130,433588,100.62,6.8486,7.153,7.191,319.221215473853
"563",130,433589,80.096,6.8417,7.1517,7.189,319.163848710975
"564",130,433590,59.966,6.9141,7.2213,NA,NA
"565",130,433591,49.801,6.9215,7.2529,7.272,322.871596553659
"566",130,433592,40.334,6.9635,7.2688,NA,NA
"567",130,433593,30.264,6.9778,7.266,7.313,324.720145456222
"568",130,433594,20.243,6.9847,7.3066,NA,NA
"569",130,433595,10.012,7.0075,7.3311,7.344,326.112233023065
"570",130,433596,2.328,7.0263,7.3492,7.378,327.629812290126
"571",135,433597,2746.077,6.2639,6.4606,6.677,292.941040275072
"572",135,433598,2681.489,6.1414,6.338,NA,NA
"573",135,433599,2581.904,6.1374,6.3298,6.544,287.341868168871
"574",135,433600,2461.049,6.1228,6.3305,6.534,287.058586506063
"575",135,433601,2321.617,6.1157,6.3269,6.511,286.229229109997
"576",135,433602,2169.545,6.121,6.3254,6.519,286.779408873508
"577",135,433603,2000.96,6.0807,6.2954,6.468,284.760024542351
"578",135,433604,1809.901,6.0661,6.295,6.449,284.171870512411
"579",135,433605,1609.66,6.0947,6.3296,6.468,285.265188271108
"580",135,433606,1360.196,6.4409,6.7075,6.843,302.074484103289
"581",135,433607,1212.234,6.4193,6.6819,6.793,300.078628790253
"582",135,433608,1011.563,6.3976,6.6531,6.766,299.171781916952
"583",135,433609,830.517,6.3943,6.6592,6.747,298.583356342651
"584",135,433610,659.312,6.4228,6.6864,6.759,299.349841986383
"585",135,433611,510.435,6.4548,6.7562,6.816,302.071028736551
"586",135,433612,369.969,6.5379,6.8298,6.867,304.518238540704
"587",135,433613,250.28,6.6867,6.9787,7.022,311.535888145204
"588",135,433614,148.083,6.694,7.0131,7.047,312.788966708888
"589",135,433615,99.695,6.6943,7.0145,7.033,312.239294469272
"590",135,433616,50.15,6.7344,7.0305,7.057,313.375840184092
"591",135,433617,28.128,6.7305,7.034,7.064,313.718769227636
"592",135,433618,17.891,6.7274,7.0388,7.059,313.510822829864
"593",135,433619,2.598,6.7372,7.0359,7.067,313.889992511816
"594",144,433620,997.694,6.4159,6.673,NA,NA
"595",144,433621,497.399,6.4211,6.7116,NA,NA
"596",144,433622,199.655,6.456,6.7486,NA,NA
"597",144,433623,150.187,6.5313,6.836,NA,NA
"598",144,433624,100.18,6.6428,6.9538,NA,NA
"599",144,433625,68.13,6.7838,7.1164,NA,NA
"600",144,433626,58.837,6.8345,7.1598,NA,NA
"601",144,433627,58.845,6.8543,7.1537,NA,NA
"602",144,433628,58.478,6.8489,7.1985,NA,NA
"603",144,433629,50.531,6.8918,7.197,NA,NA
"604",144,433630,40.221,7.0987,7.4303,NA,NA
"605",144,433631,39.811,7.0183,7.3765,NA,NA
"606",144,433632,30.788,7.1194,7.4409,NA,NA
"607",144,433633,30.722,7.107,7.4344,NA,NA
"608",144,433634,30.973,7.1237,7.4447,NA,NA
"609",144,433635,30.814,7.1131,7.4349,NA,NA
"610",144,433636,20.553,7.1121,7.4585,NA,NA
"611",144,433637,21.284,7.1341,7.4516,NA,NA
"612",144,433638,9.825,7.1672,7.4881,NA,NA
"613",144,433639,9.348,7.1513,7.5009,NA,NA
"614",144,433640,4.124,7.1493,7.4915,NA,NA
"615",144,433641,4.375,7.1459,7.4977,NA,NA
"616",144,433642,3.945,7.165,7.4972,NA,NA
"617",144,433643,4.121,7.1816,7.5031,NA,NA
"618",149,433644,3162.524,6.435,6.627,6.871,300.862382961694
"619",149,433645,2948.669,6.2879,6.4765,6.708,294.032069348474
"620",149,433646,2698.29,6.1015,6.2971,6.5,285.266369333677
"621",149,433647,2467.4,6.056,6.2505,6.438,282.84794034913
"622",149,433648,2147.855,6.0517,6.2747,6.381,280.745126974864
"623",149,433649,1945.868,6.0395,6.2727,6.416,282.545602724434
"624",149,433650,1820.149,5.9962,6.2127,6.374,280.869609291308
"625",149,433651,1688.874,5.99,6.2032,6.337,279.409830437495
"626",149,433652,1569.089,6.0715,6.2822,6.429,283.60797045879
"627",149,433653,1450.994,6.182,6.4168,6.545,288.855971943165
"628",149,433654,1330.501,6.3783,6.6332,6.752,298.113780109618
"629",149,433655,1208.288,6.3973,6.6499,5.678,250.834158668239
"630",149,433656,1088.436,6.4316,6.6852,6.793,300.251249771735
"631",149,433657,967.202,6.4301,6.6847,6.793,300.421429805715
"632",149,433658,851.071,6.4328,6.6766,6.78,300.011659490921
"633",149,433659,730.027,6.4294,6.6875,6.777,300.046951250067
"634",149,433660,611.662,6.4419,6.714,6.792,300.872998039885
"635",149,433661,488.516,6.5242,6.7786,6.85,303.605543440007
"636",149,433662,371.02,6.4838,6.7456,6.811,302.052096946897
"637",149,433663,250.682,6.5372,6.8181,6.871,304.871219591468
"638",150,433664,3350.443,6.4293,6.6141,6.878,300.921504850697
"639",150,433665,3199.051,6.3574,6.5404,6.793,297.415144589874
"640",150,433666,2849.883,6.1203,6.2806,6.45,282.883846990521
"641",150,433667,2499.437,6.0593,6.2595,6.454,283.508026714676
"642",150,433668,2248.164,6.0338,6.2333,6.356,279.525886798378
"643",150,433669,1931.105,5.9804,6.1841,6.363,280.247884131009
"644",150,433670,1797.475,5.9756,6.1926,6.344,279.580548243723
"645",150,433671,1691.175,5.9707,6.1949,6.341,279.584513309401
"646",150,433672,1570.425,6.1952,6.4382,6.576,290.059490301795
"647",150,433673,1452.131,6.4201,6.6622,6.822,301.029279409991
"648",150,433674,1329.557,6.4477,6.6923,6.828,301.458834195285
"649",150,433675,1215.142,6.4608,6.7077,6.833,301.83663827586
"650",150,433676,1091.226,6.466,6.7148,6.862,303.291072122929
"651",150,433677,972.5,6.459,6.7042,6.844,302.665567754107
"652",150,433678,851.539,6.4788,6.7303,6.85,303.096969390859
"653",150,433679,733.304,6.4841,6.7477,6.891,305.076555287135
"654",150,433680,610.463,6.4924,6.7546,6.853,303.568461227185
"655",150,433681,491.148,6.5004,6.772,6.863,304.178985007846
"656",150,433682,371.966,6.5142,6.7932,6.878,305.011343290139
"657",150,433683,251.438,6.5564,6.8219,6.901,306.200718573485
"658",165,433684,3565.105,6.4271,6.6154,6.861,299.894036871275
"659",165,433685,3501.799,6.4043,6.5731,6.873,300.510618795784
"660",165,433686,3428.578,6.3717,6.557,6.795,297.198170618863
"661",165,433687,3320.822,6.2724,6.4548,6.697,293.069637939323
"662",165,433688,3201.322,6.1567,6.3351,6.56,287.247676184761
"663",165,433689,3060.602,6.0882,6.2747,6.491,284.414545325097
"664",165,433690,2900.843,6.0715,6.251,6.44,282.385541455198
"665",165,433691,2710.618,6.0649,6.244,6.454,283.242029535699
"666",165,433692,2501.868,6.0275,6.2282,6.404,281.314237022763
"667",165,433693,2268.839,6.0044,6.1933,6.384,280.738567973699
"668",165,433694,2021.191,5.9714,6.1797,6.354,279.736812675946
"669",165,433695,1769.942,6.4423,6.6754,6.829,300.89520848087
"670",165,433696,1529.952,6.4942,6.7329,6.862,302.671273489013
"671",165,433697,1290.122,6.4899,6.7303,6.846,302.301142061849
"672",165,433698,1069.896,6.4858,6.739,6.845,302.564656821209
"673",165,433699,872.28,6.5,6.7622,6.847,302.927799713128
"674",165,433700,680.166,6.5004,6.7576,6.811,301.608318320083
"675",165,433701,509.208,6.5219,6.7787,6.842,303.221204081667
"676",165,433702,359.832,6.5561,6.8224,6.863,304.35763811227
"677",165,433703,222.742,6.527,6.8262,6.848,303.889008417133
"678",165,433704,100.963,7.0527,7.3697,7.409,328.847090185972
"679",165,433705,50.638,7.0795,7.3883,7.595,337.179218877244
"680",165,433706,26.381,7.0835,7.4167,7.412,329.085800798964
"681",165,433707,2.563,7.1243,7.4447,7.432,330.004983079848
"682",171,433708,997.386,6.504,6.7607,NA,NA
"683",171,433709,500.449,6.5388,6.8054,NA,NA
"684",171,433710,197.553,6.7007,6.9908,NA,NA
"685",171,433711,151.292,6.8407,7.1356,NA,NA
"686",171,433712,98.78,6.9421,7.2388,NA,NA
"687",171,433713,80.403,6.989,7.2924,NA,NA
"688",171,433714,59.368,7.1577,7.4599,NA,NA
"689",171,433715,59.56,7.1456,7.4766,NA,NA
"690",171,433716,59.992,7.1513,7.4553,NA,NA
"691",171,433717,48.312,7.1808,7.5021,NA,NA
"692",171,433718,39.845,7.2028,7.5159,NA,NA
"693",171,433719,38.543,7.2042,7.5196,NA,NA
"694",171,433720,30.07,7.1857,7.5071,NA,NA
"695",171,433721,29.989,7.2059,7.5215,NA,NA
"696",171,433722,30.558,7.1983,7.5156,NA,NA
"697",171,433723,30.718,7.2031,7.5238,NA,NA
"698",171,433724,19.908,7.2098,7.5169,NA,NA
"699",171,433725,20.492,7.202,7.5097,NA,NA
"700",171,433726,9.63,7.2008,7.5183,NA,NA
"701",171,433727,9.125,7.2043,7.5253,NA,NA
"702",171,433728,4.344,7.2752,7.5926,NA,NA
"703",171,433729,4.115,7.2716,7.5889,NA,NA
"704",171,433730,4.008,7.2717,7.5958,NA,NA
"705",171,433731,4.61,7.2703,7.6013,NA,NA
"706",180,433732,3601.006,6.4161,6.5989,6.889,301.073751287716
"707",180,433733,3521.468,6.3798,6.5475,6.834,298.784286899211
"708",180,433734,3430.145,6.3382,6.4898,6.758,295.591336738942
"709",180,433735,3320.248,6.2638,6.4402,6.672,291.97920495282
"710",180,433736,3199.379,6.1558,6.3222,6.558,287.165320388499
"711",180,433737,3056.94,6.0889,6.2669,6.494,284.552328023777
"712",180,433738,2901.756,6.0628,6.2502,6.455,283.041990626058
"713",180,433739,2746.867,6.0138,6.2095,6.416,281.534183324758
"714",180,433740,2528.327,6.0082,6.1987,6.386,280.495690282297
"715",180,433741,2269.933,5.9793,6.1813,6.343,278.935997862184
"716",180,433742,2017.339,5.9544,6.1603,6.318,278.160446973164
"717",180,433743,1769.008,6.4111,6.6481,6.798,299.535897057973
"718",180,433744,1538.686,6.4736,6.719,6.85,302.132428500403
"719",180,433745,1288.853,6.4853,6.7229,6.876,303.629251222469
"720",180,433746,1069.781,6.5224,6.7654,6.881,304.150858425729
"721",180,433747,871.653,6.5172,6.7639,6.867,303.813562243725
"722",180,433748,679.3,6.5741,6.8289,6.911,306.022621860139
"723",180,433749,507.362,6.5408,6.7972,6.861,304.061935252039
"724",180,433750,360.454,6.5731,6.8323,6.934,307.503399192378
"725",180,433751,218.851,6.5587,6.8352,6.886,305.579457370153
"726",180,433752,100.477,6.6371,6.9163,6.932,307.776606691563
"727",180,433753,48.302,6.925,7.2303,7.245,321.680870266165
"728",180,433754,24.687,7.1239,7.4334,7.465,331.438237345807
"729",180,433755,4.493,7.1924,7.4946,7.513,333.587167016544
"730",191,433756,3684.61,6.3988,6.5672,6.863,299.834004231214
"731",191,433757,3586.892,6.3947,6.5767,6.835,298.736302895432
"732",191,433758,3492.076,6.363,6.5251,6.79,296.903231694623
"733",191,433759,3379.479,6.2706,6.4457,6.693,292.820671151836
"734",191,433760,3251.807,6.1624,6.3369,6.567,287.48967927458
"735",191,433761,3123.042,6.0645,6.246,6.481,283.902780588384
"736",191,433762,2940.936,6.0842,6.2658,6.488,284.436587676713
"737",191,433763,2740.293,6.0464,6.2405,6.448,282.941146298156
"738",191,433764,2522.174,6.0055,6.1944,6.396,280.943559181126
"739",191,433765,2290.786,5.9902,6.183,6.36,279.657049689076
"740",191,433766,1998.104,5.965,6.1742,6.339,279.10689648461
"741",191,433767,1710.731,6.4176,6.6604,6.823,300.715240137264
"742",191,433768,1519.221,6.4631,6.7053,6.862,302.691756613073
"743",191,433769,1301.108,6.4871,6.739,6.877,303.652438664688
"744",191,433770,1072.297,6.5239,6.7716,6.887,304.411079694436
"745",191,433771,870.887,6.4962,6.7456,6.847,302.933574415933
"746",191,433772,680.155,6.4998,6.7663,6.863,303.908961426078
"747",191,433773,511.63,6.5135,6.793,6.869,304.410724617008
"748",191,433774,360.777,6.5416,6.8022,6.854,303.961626239395
"749",191,433775,221.765,6.6162,6.883,6.931,307.561839299096
"750",191,433776,100.483,6.6765,6.9561,6.991,310.387289152805
"751",191,433777,51.389,7.0617,7.364,7.422,329.503564203243
"752",191,433778,24.807,7.2953,7.6238,7.641,339.206004640468
"753",191,433779,3.529,7.339,7.6866,7.692,341.488996433469
"754",196,433780,1920.043,5.9619,6.1728,6.332,278.898584094508
"755",196,433781,1781.355,6.0217,6.2388,6.389,281.575846470983
"756",196,433782,1638.732,6.1279,6.3577,6.519,287.470630901804
"757",196,433783,1500.109,6.3381,6.5778,NA,NA
"758",196,433784,1500.588,6.3392,6.5804,6.715,296.257793917025
"759",196,433785,1359.391,6.3589,6.603,6.731,297.153164660914
"760",196,433786,1221.934,6.3494,6.612,6.727,297.163881100517
"761",196,433787,1081.094,6.3928,6.6363,6.755,298.592161051524
"762",196,433788,940.912,6.4269,6.6788,6.793,300.459691153962
"763",196,433789,799.107,6.4644,6.7297,6.823,301.976395325682
"764",196,433790,671.67,6.484,6.752,6.825,302.241310131051
"765",196,433791,539.773,6.4514,6.7215,NA,NA
"766",196,433792,540.13,6.4602,6.726,NA,NA
"767",196,433793,541.839,6.4557,6.716,NA,NA
"768",196,433794,539.972,6.4571,6.7233,6.796,301.150339734087
"769",196,433795,410.978,6.5503,6.8249,6.882,305.125477206323
"770",196,433796,281.386,6.5304,6.8253,6.888,305.579009653013
"771",196,433797,150.449,6.6193,6.9053,6.945,308.282554476093
"772",196,433798,21.824,7.2696,7.5844,NA,NA
"773",196,433799,21.341,7.2772,7.5887,NA,NA
"774",196,433800,20.645,7.2523,7.5827,NA,NA
"775",196,433801,21.298,7.2649,7.5819,NA,NA
"776",196,433802,21.55,7.2593,7.5838,NA,NA
"777",196,433803,21.219,7.2431,7.5806,NA,NA
"778",203,433804,3589.97,6.3841,6.5587,6.847,299.260320707099
"779",203,433805,3500.083,6.3656,6.5344,6.823,298.333739173639
"780",203,433806,3411.621,6.2757,6.4458,6.725,294.179153259383
"781",203,433807,3299.363,6.1913,6.3667,6.626,290.006137446518
"782",203,433808,3178.661,6.1023,6.2616,6.454,282.648218290318
"783",203,433809,3040.711,6.0418,6.2174,6.445,282.434542368176
"784",203,433810,2879.604,6.0488,6.2309,6.458,283.205231650072
"785",203,433811,2690.305,6.0043,6.2098,6.405,281.122553674124
"786",203,433812,2479.723,5.9815,6.1782,6.376,280.1214661138
"787",203,433813,2251.123,5.9637,6.1577,6.339,278.788473914821
"788",203,433814,2009.143,6.3347,6.5654,6.754,297.286913772755
"789",203,433815,1770.529,6.4609,6.6894,6.867,302.566058191104
"790",203,433816,1530.85,6.4529,6.6906,6.844,301.884667536731
"791",203,433817,1290.543,6.5112,6.7525,6.896,304.503803366653
"792",203,433818,1069.599,6.5361,6.7936,NA,NA
"793",203,433819,868.209,6.5664,6.8192,6.916,305.974521064494
"794",203,433820,681.046,6.5663,6.8158,6.911,306.023030692397
"795",203,433821,513.928,6.5674,6.8202,6.898,305.68731203865
"796",203,433822,360.85,6.5821,6.8381,6.91,306.437296929369
"797",203,433823,223.044,6.5898,6.8669,6.934,307.696418461612
"798",203,433824,100.464,6.67,6.9434,6.985,310.123876977194
"799",203,433825,51.314,7.146,7.4621,7.503,333.076190375774
"800",203,433826,23.96,7.1559,7.4726,7.509,333.383493660968
"801",203,433827,2.334,7.2045,7.5203,7.546,335.049423840206
"802",219,433828,3251.379,6.3887,6.5804,6.889,301.540634511889
"803",219,433829,3168.89,6.3725,6.5693,6.837,299.375682820238
"804",219,433830,3059.211,6.2711,6.4559,6.723,294.548498656832
"805",219,433831,2908.706,6.1622,6.3526,6.586,288.75838063777
"806",219,433832,2761.312,6.0798,6.272,6.418,281.592578774392
"807",219,433833,2608.479,6.008,6.2048,6.433,282.456680959628
"808",219,433834,2460.578,6.0618,6.262,6.474,284.43604225302
"809",219,433835,2311.853,6.0387,6.2437,6.444,283.311940293611
"810",219,433836,2159.72,5.9945,6.2061,6.398,281.49089585018
"811",219,433837,2010.708,5.9755,6.179,6.365,280.234788189783
"812",219,433838,1861.043,5.9626,6.1813,6.347,279.633151117295
"813",219,433839,1732.001,5.9365,6.159,6.33,279.053795867774
"814",219,433840,1541.348,6.4319,6.6958,6.857,302.441636897422
"815",219,433841,1450.26,6.4303,6.677,6.832,301.470011702999
"816",219,433842,1319.987,6.454,6.7076,NA,NA
"817",219,433843,1190.599,6.4788,6.7462,NA,NA
"818",219,433844,1058.877,6.4893,6.7488,6.891,304.611409182294
"819",219,433845,932.541,6.4991,6.7671,6.883,304.433407334193
"820",219,433846,799.366,6.5146,6.7799,6.886,304.753672571194
"821",219,433847,670.458,6.5099,6.7624,6.85,303.348299536082
"822",219,433848,539.989,6.5092,6.7844,6.85,303.529937409494
"823",219,433849,399.159,6.5443,6.8232,6.893,305.630586993193
"824",219,433850,280.999,6.6231,6.9108,6.956,308.577676560666
"825",219,433851,150.151,6.8309,7.1247,7.167,318.087372661785
"826",223,433852,2983.625,6.3612,6.5527,6.822,298.968083446616
"827",223,433853,2878.151,6.3274,6.53,6.776,297.095667817219
"828",223,433854,2799.628,6.2656,6.4701,6.707,294.184629985673
"829",223,433855,2690.303,6.2108,6.409,6.645,291.619554697021
"830",223,433856,2558.296,6.132,6.3248,6.389,280.566666240365
"831",223,433857,2421.43,6.0653,6.2713,6.49,285.187581364544
"832",223,433858,2269.011,6.047,6.2476,6.448,283.542347678733
"833",223,433859,2109.978,6.0283,6.2338,NA,NA
"834",223,433860,1939.29,6.0156,6.2198,NA,NA
"835",223,433861,1759.724,5.9911,6.2001,6.363,280.465376239111
"836",223,433862,1569.912,5.9843,6.2035,6.367,280.886604788504
"837",223,433863,1382.352,6.3527,6.5956,6.738,297.43206951287
"838",223,433864,1181.445,6.4495,6.6978,6.832,301.841767192092
"839",223,433865,990.77,6.3141,6.5665,6.668,294.884923146377
"840",223,433866,811.225,6.4792,6.7386,6.905,305.58645601673
"841",223,433867,639.78,6.4549,6.7298,6.821,302.114137878059
"842",223,433868,492.401,6.5373,6.8027,6.876,304.746886756247
"843",223,433869,348.73,6.5417,6.8121,6.877,304.996728632404
"844",223,433870,220.693,6.6228,6.8984,6.945,308.181091615239
"845",223,433871,100.564,6.7251,7.0333,7.068,313.78788199322
"846",223,433872,49.251,6.9495,7.2519,7.286,323.494897802239
"847",223,433873,29.491,7.1226,7.4322,7.489,332.496479245205
"848",223,433874,19.329,7.59,7.9466,7.915,351.298178253784
"849",223,433875,1.914,7.9082,8.288,8.285,367.662206420625
"850",227,433876,2299.082,6.142,6.3443,6.573,288.98133507166
"851",227,433877,2151.732,6.097,6.3084,6.527,287.157613296948
"852",227,433878,1945.713,6.0397,6.2739,NA,NA
"853",227,433879,1749.581,6.0157,6.2367,6.394,281.837689739207
"854",227,433880,1505.576,6.0247,6.2606,NA,NA
"855",227,433881,1204.69,6.4536,6.7106,NA,NA
"856",227,433882,903.652,6.338,6.6064,6.737,298.04936874261
"857",227,433883,703.368,6.3965,6.6623,NA,NA
"858",227,433884,500.758,6.4397,6.7172,6.802,301.473207131217
"859",227,433885,300.511,6.3939,6.6802,NA,NA
"860",227,433886,99.919,6.3606,6.6501,6.679,296.601071608552
"861",227,433887,49.404,6.6765,6.9614,6.957,308.951860324493
"862",227,433888,2.814,7.7934,8.1336,8.164,362.331216638751
"863",230,433889,931.682,6.3598,6.5928,6.778,299.82750850315
"864",230,433890,861.175,6.3535,6.6037,NA,NA
"865",230,433891,791.643,6.369,6.6041,6.781,300.155049370575
"866",230,433892,701.74,6.3698,6.6049,6.781,300.281943607349
"867",230,433893,593.369,6.3597,6.5909,6.747,298.932216621837
"868",230,433894,469.805,6.3471,6.5813,6.719,297.867808355191
"869",230,433895,359.673,6.3287,6.5749,6.704,297.359426275132
"870",230,433896,260.192,6.3327,6.5709,6.687,296.746928904255
"871",230,433897,170.344,6.4216,6.6565,6.752,299.741516603678
"872",230,433898,101.715,6.8902,7.1285,7.217,320.380755097961
"873",230,433899,80.254,7.0551,7.3065,NA,NA
"874",230,433900,60.628,7.2106,7.4437,NA,NA
"875",230,433901,50.052,7.2266,7.4739,7.556,335.429844900831
"876",230,433902,40.947,7.3716,7.627,NA,NA
"877",230,433903,30.599,7.4537,7.6928,7.784,345.530117260983
"878",230,433904,20.007,7.8535,8.1098,NA,NA
"879",230,433905,10.556,7.8514,8.1198,8.21,364.365000745407
"880",230,433906,2.708,7.8733,8.1424,NA,NA
"881",230,433907,2.517,7.8765,8.1399,8.291,367.968858840408
"882",231,433908,352.964,6.3863,6.5834,6.768,300.206897187924
"883",231,433909,329.978,6.6198,6.8267,6.948,308.171185649061
"884",231,433910,290.717,6.7585,6.9655,7.118,315.739128869216
"885",231,433911,251.014,6.8376,7.045,7.204,319.59615586893
"886",231,433912,199.665,6.9104,7.1074,7.243,321.390789781652
"887",231,433913,151.451,6.9527,7.1723,7.296,323.801371339862
"888",231,433914,100.802,7.0349,7.2317,7.37,327.151139616196
"889",231,433915,80.46,7.1137,7.3157,NA,NA
"890",231,433916,60.173,7.1631,7.3682,NA,NA
"891",231,433917,49.894,7.1494,7.3445,7.465,331.422009161316
"892",231,433918,37.899,7.1958,7.4062,NA,NA
"893",231,433919,31.788,7.2385,7.4427,7.577,336.399819564635
"894",231,433920,20.48,7.4605,7.7544,NA,NA
"895",231,433921,11.912,7.6475,7.8694,8.018,355.905240524369
"896",231,433922,3.428,7.6933,7.9165,NA,NA
"897",237,433923,229.303,6.7417,7.0105,7.099,314.976844697691
"898",237,433924,199.68,7.0776,7.3541,7.403,328.43119009891
"899",237,433925,151.279,7.1254,7.3929,7.461,331.071595414073
"900",237,433926,123.871,7.1387,7.4051,7.476,331.777589698148
"901",237,433927,100.247,7.1362,7.4148,NA,NA
"902",237,433928,80.671,7.163,7.4264,7.497,332.772989116765
"903",237,433929,59.851,7.218,7.4942,NA,NA
"904",237,433930,60.019,7.2292,7.495,NA,NA
"905",237,433931,60.762,7.2228,7.507,NA,NA
"906",237,433932,49.83,7.2942,7.5592,7.643,339.271445422242
"907",237,433933,38.962,7.3652,7.6432,NA,NA
"908",237,433934,38.826,7.3568,7.653,NA,NA
"909",237,433935,29.088,7.4836,7.7794,NA,NA
"910",237,433936,29.303,7.4701,7.7608,NA,NA
"911",237,433937,29.867,7.4691,7.7596,NA,NA
"912",237,433938,29.823,7.5164,7.8058,7.864,349.053507771213
"913",237,433939,18.535,7.5939,7.8977,NA,NA
"914",237,433940,18.518,7.5919,7.9025,7.957,353.175843587532
"915",237,433941,10.576,7.6112,7.906,NA,NA
"916",237,433942,10.506,7.6146,7.8945,7.964,353.502822428761
"917",237,433943,4.218,7.6133,7.9154,NA,NA
"918",237,433944,4.365,7.6068,7.9218,NA,NA
"919",237,433945,4.368,7.618,7.9114,NA,NA
"920",237,433946,4.19,7.6006,7.9102,7.974,353.952611200423
"921",241,433947,597.568,6.332,6.5824,6.709,297.244068486322
"922",241,433948,449.747,6.3178,6.5832,6.722,298.028128782055
"923",241,433949,388.291,6.3549,6.61,6.715,297.799182951027
"924",241,433950,331.217,6.3473,6.598,6.696,297.039797849748
"925",241,433951,289.233,6.2686,6.5094,6.591,292.459150614079
"926",241,433952,249.32,6.5675,6.8281,6.903,306.291290957164
"927",241,433953,200.039,6.7109,6.9609,7.02,311.526460031016
"928",241,433954,149.888,6.9957,7.2565,7.29,323.517229037778
"929",241,433955,98.869,7.1266,7.4029,7.445,330.441415628118
"930",241,433956,80.043,7.1119,7.3778,7.442,330.343983782902
"931",241,433957,60.105,7.2394,7.4986,7.541,334.741798465091
"932",241,433958,49.324,7.2162,7.4721,7.562,335.69758419246
"933",241,433959,40.061,7.234,7.4894,7.544,334.909196108639
"934",241,433960,28.691,7.231,7.499,7.589,336.92258018516
"935",241,433961,19.319,7.4039,7.6965,7.671,340.53009505157
"936",241,433962,9.434,7.6407,7.936,7.982,354.292868041613
"937",241,433963,0.733,7.658,7.9545,NA,NA
"938",249,433964,702.621,6.3498,6.603,6.744,298.642236396075
"939",249,433965,651.88,6.3616,6.5997,6.717,297.518816035669
"940",249,433966,588.778,6.3667,6.6042,6.713,297.429343286403
"941",249,433967,518.549,6.3766,6.6341,6.731,298.319231477397
"942",249,433968,440.276,6.4729,6.7225,6.846,303.509749888027
"943",249,433969,361.167,6.4296,6.7008,6.76,299.813769586248
"944",249,433970,279.977,6.4903,6.7456,6.804,301.872426629699
"945",249,433971,199.1,6.7522,7.0068,7.061,313.336971528268
"946",249,433972,150.219,6.9986,7.2615,7.276,322.894232944945
"947",249,433973,100.326,7.2399,7.493,7.523,333.880369499856
"948",249,433974,81.247,7.3202,7.5994,NA,NA
"949",249,433975,59.737,7.3691,7.643,NA,NA
"950",249,433976,49.124,7.3985,7.667,7.701,341.821112624908
"951",249,433977,40.059,7.5005,7.7826,NA,NA
"952",249,433978,30.299,7.7917,8.0941,7.959,353.197742733541
"953",249,433979,20.045,8.5104,8.8586,NA,NA
"954",249,433980,9.613,8.686,9.0344,9.106,403.8744619397
"955",249,433981,2.209,8.7084,9.0656,9.062,401.928108450792
"956",252,433982,1661.261,6.0507,6.2714,6.447,284.282856053278
"957",252,433983,1609.194,6.0642,6.2811,6.448,284.393499762442
"958",252,433984,1549.159,6.077,6.2955,6.47,285.440160315086
"959",252,433985,1480.813,6.1344,6.3662,6.531,288.208281673914
"960",252,433986,1400.533,6.3368,6.5671,6.739,297.45724568949
"961",252,433987,1300.346,6.4058,6.6521,6.8,300.27145073559
"962",252,433988,1199.26,6.4082,6.6481,6.789,299.927544250367
"963",252,433989,1099.111,6.357,6.592,6.73,297.471346537397
"964",252,433990,949.119,6.4127,6.6649,6.779,299.831815545743
"965",252,433991,801.517,6.4381,6.6886,6.796,300.786963902247
"966",252,433992,649.069,6.4262,6.6767,6.766,299.676674222012
"967",252,433993,499.109,6.4394,6.6876,6.772,300.152816418711
"968",252,433994,368.797,6.448,6.7173,6.773,300.375953280848
"969",252,433995,261.318,6.5652,6.8647,6.897,305.998807887807
"970",252,433996,170.684,6.5457,6.8175,6.903,306.408197785436
"971",252,433997,99.689,7.0155,7.2949,7.355,326.470487094883
"972",252,433998,79.842,7.1313,7.4066,7.439,330.204169403156
"973",252,433999,59.059,7.2525,7.5263,NA,NA
"974",252,434000,49.999,7.2729,7.5724,7.573,336.159905299177
"975",252,434001,40.037,7.428,7.6973,NA,NA
"976",252,434002,29.256,7.7384,8.0501,8.067,358.002973114483
"977",252,434003,19.888,7.8461,8.1739,NA,NA
"978",252,434004,10.981,8.0848,8.4102,8.446,374.760691428612
"979",252,434005,3.241,9.4151,9.8051,9.683,429.253899703237
"980",255,434006,4717.453,5.6153,5.7045,6.028,262.315629127854
"981",255,434007,4652.088,5.6366,5.7411,6.029,262.42656144272
"982",255,434008,4499.508,5.7543,5.8594,6.144,267.589227237275
"983",255,434009,4350.882,5.7971,5.9061,6.198,270.106713960975
"984",255,434010,4151.196,5.7691,5.8742,6.159,268.644796253607
"985",255,434011,3950.363,5.7895,5.9044,6.135,267.826917069539
"986",255,434012,3749.023,5.8265,5.9715,6.228,272.114332376601
"987",255,434013,3469.982,5.8249,5.9568,6.205,271.445503391775
"988",255,434014,3181.03,5.828,5.9742,6.213,272.140323916794
"989",255,434015,2881.318,5.7778,5.927,6.159,270.144254585094
"990",255,434016,2569.81,5.763,5.9127,6.132,269.33972622959
"991",255,434017,2279.701,5.7902,5.9544,6.167,271.225731718702
"992",255,434018,2000.275,5.7969,5.98,6.154,270.994344469308
"993",255,434019,1712.789,5.7568,5.9252,6.086,268.364692463401
"994",255,434020,1451.733,5.6945,5.878,6.012,265.430595849275
"995",255,434021,1200.083,5.739,5.9452,6.065,268.071956367576
"996",255,434022,960.641,5.6244,5.8151,5.912,261.627340893624
"997",255,434023,730.101,5.1329,5.3268,5.383,238.560593616679
"998",255,434024,515.11,4.006,4.1343,4.189,186.00194303478
"999",255,434025,351.599,3.1255,3.2369,3.282,145.945831576121
"1000",255,434026,195.209,4.0034,4.1914,4.245,188.772563275952
"1001",255,434027,100.44,4.2981,4.5214,4.574,203.445000680549
"1002",255,434028,50.39,5.0481,5.3261,5.363,238.450102018672
"1003",255,434029,2.885,5.3624,5.6654,5.697,253.293885833172
"1004",258,434035,4512.565,5.6427,5.7516,6.051,263.540583258148
"1005",258,434036,4449.89,5.6501,5.7622,6.072,264.524940205077
"1006",258,434037,4399.782,5.724,5.8262,6.125,266.881896047734
"1007",258,434038,4349.873,5.7672,5.8842,6.182,269.413799464917
"1008",258,434039,4147.685,5.8452,5.9723,6.245,272.383262247965
"1009",258,434040,3949.948,5.8747,6.0025,6.287,274.446295323174
"1010",258,434041,3750.608,5.8522,5.98,6.262,273.597178926372
"1011",258,434042,3469.666,5.8913,6.0295,6.29,275.151720910343
"1012",258,434043,3179.271,5.8589,6.0015,6.266,274.459382620696
"1013",258,434044,2879.515,5.7968,5.9506,6.169,270.580838554539
"1014",258,434045,2570.033,5.809,5.9575,6.185,271.659551443739
"1015",258,434046,2279.128,5.7912,5.9575,6.157,270.786025186524
"1016",258,434047,1999.904,5.7883,5.9703,6.157,271.128694816071
"1017",258,434048,1720.827,5.7169,5.9053,6.07,267.652368776935
"1018",258,434049,1449.844,5.6568,5.8639,5.987,264.331218586947
"1019",258,434050,1198.024,5.6053,5.8041,5.926,261.956621945203
"1020",258,434051,960.42,5.4087,5.5933,5.704,252.462659558942
"1021",258,434052,729.768,4.9836,5.1712,5.263,233.269341310321
"1022",258,434053,514.051,3.8232,3.9535,4.02,178.523375893257
"1023",258,434054,331.461,2.9869,3.0985,3.155,140.327447924502
"1024",258,434055,195.772,4.081,4.2987,4.31,191.646580239005
"1025",258,434056,99.384,5.0483,5.2869,5.326,236.756168811765
"1026",258,434057,50.244,5.087,5.3545,5.443,242.002151624121
"1027",258,434058,4.952,5.1067,5.3978,5.444,242.09162771109
"1028",266,434064,4147.035,5.8432,5.9726,6.265,273.256218901914
"1029",266,434065,4000.669,5.8822,6.0108,6.297,274.820626758034
"1030",266,434066,3800.968,5.9512,6.0942,6.412,280.069077184614
"1031",266,434067,3599.876,5.9488,6.0861,6.348,277.519971684121
"1032",266,434068,3419.634,5.9626,6.118,6.377,279.003224818168
"1033",266,434069,3220.357,5.9961,6.1125,6.362,278.595010856635
"1034",266,434070,2999.518,5.907,6.0736,6.315,276.813904125263
"1035",266,434071,2770.614,5.8858,6.0523,6.269,275.083066554679
"1036",266,434072,2530.01,5.8409,6.0028,6.213,272.930306799214
"1037",266,434073,2279.634,5.8155,5.9842,6.176,271.616188010255
"1038",266,434074,2020.752,5.7993,5.9853,6.161,271.276117752156
"1039",266,434075,1760.071,5.7671,5.9567,6.124,269.975161417436
"1040",266,434076,1509.978,5.6959,5.8912,6.038,266.503713529318
"1041",266,434077,1271.373,5.6688,5.8656,5.998,265.037117760113
"1042",266,434078,1050.47,5.6114,5.8104,5.93,262.313753299029
"1043",266,434079,849.864,5.3233,5.5261,5.623,249.01927349838
"1044",266,434080,649.935,4.8167,4.9769,5.042,223.591290684877
"1045",266,434081,500.987,3.9271,4.0567,4.111,182.561760692692
"1046",266,434082,330.077,3.0055,3.1162,3.164,140.726735011195
"1047",266,434083,194.711,4.4381,4.6441,4.71,209.378563441432
"1048",266,434084,99.934,4.6482,4.896,4.941,219.70609144698
"1049",266,434085,51.007,5.065,5.3284,5.415,240.76111675707
"1050",266,434086,10.457,5.1322,5.3903,5.472,243.331937774554
"1051",266,434087,1.793,5.1241,5.4168,5.478,243.603814762581
"1052",270,434093,3809.786,5.892,6.0357,6.354,277.53482262915
"1053",270,434094,3719.411,5.9834,6.1266,6.416,280.338407191474
"1054",270,434095,3598.19,5.9966,6.1385,6.408,280.135942576099
"1055",270,434096,3468.45,6.0109,6.1519,6.424,280.993637429546
"1056",270,434097,3329.251,6.0077,6.1524,6.08,266.110060480962
"1057",270,434098,3168.918,6.0157,6.1571,6.395,280.09538714348
"1058",270,434099,2999.358,5.97,6.1206,6.346,278.165243920895
"1059",270,434100,2809.178,5.913,6.0782,6.3,276.390964643334
"1060",270,434101,2599.196,5.8731,6.0296,6.243,274.157928769163
"1061",270,434102,2380.305,5.8399,6.0142,6.216,273.244849742991
"1062",270,434103,2159.174,5.8306,6.0154,6.191,272.419261677771
"1063",270,434104,1939.425,5.7991,5.9738,6.147,270.76295565053
"1064",270,434105,1719.325,5.7417,5.9288,6.079,268.046837158118
"1065",270,434106,1508.356,5.7604,5.957,6.088,268.700479303569
"1066",270,434107,1309.463,5.6757,5.8753,5.985,264.413822532063
"1067",270,434108,1110.318,5.614,5.8087,5.911,261.400214728926
"1068",270,434109,910.172,5.3839,5.5855,5.667,250.885642075326
"1069",270,434110,710.447,4.924,5.1135,5.191,230.108964918924
"1070",270,434111,509.829,3.7402,3.8793,3.923,174.229113820999
"1071",270,434112,331.402,3.0943,3.2118,3.263,145.1181176448
"1072",270,434113,200.74,3.6819,3.8557,3.922,174.449687572747
"1073",270,434114,101.287,4.6433,4.8841,4.938,219.573284331239
"1074",270,434115,50.496,5.0795,5.327,5.431,241.473495101685
"1075",270,434116,4.269,5.6172,5.9356,5.971,265.42074660288
"1076",273,434122,3433.396,5.995,6.1461,6.41,280.425267556616
"1077",273,434123,3279.357,5.9769,6.1366,6.399,280.136196050893
"1078",273,434124,3100.795,5.9688,6.1144,6.359,278.610329328616
"1079",273,434125,2950.581,5.9123,6.0822,6.324,277.267405052521
"1080",273,434126,2800.861,5.8888,6.0541,6.258,274.562826011834
"1081",273,434127,2640.628,5.8535,6.0128,6.231,273.58272710964
"1082",273,434128,2481.129,5.8368,6.0073,6.204,272.594143828726
"1083",273,434129,2320.056,5.8286,6.0041,6.203,272.749749963104
"1084",273,434130,2159.38,5.8199,5.9976,6.187,272.246394329917
"1085",273,434131,2000.34,5.8008,5.9909,6.164,271.432461592138
"1086",273,434132,1829.513,5.768,5.964,6.12,269.71106514104
"1087",273,434133,1660.133,5.7366,5.9357,6.099,269.000702128734
"1088",273,434134,1490.477,5.7342,5.9389,6.084,268.549362757417
"1089",273,434135,1322.46,5.7204,5.9357,6.066,267.964569491652
"1090",273,434136,1148.745,5.7249,5.9307,6.045,267.254867110733
"1091",273,434137,979.544,5.5814,5.7889,5.901,261.121842319149
"1092",273,434138,815.821,5.3027,5.5043,5.591,247.645947505102
"1093",273,434139,650.242,4.7506,4.8948,5.015,222.407235161606
"1094",273,434140,490.956,3.6321,3.7543,3.823,169.819747981867
"1095",273,434141,330.749,3.0598,3.1829,3.228,143.56525524489
"1096",273,434142,193.687,4.7129,4.9653,4.998,222.127988283092
"1097",273,434143,100.414,4.7193,4.9641,5.042,224.185044946868
"1098",273,434144,49.019,5.4611,5.7883,5.762,256.102995618033
"1099",273,434145,4.073,5.7288,6.0571,6.096,270.952919303657
"1100",278,434151,2104.967,5.7794,5.964,6.174,271.747717210336
"1101",278,434152,2001.677,5.7727,5.9643,NA,NA
"1102",278,434153,1851.084,5.7561,5.9488,NA,NA
"1103",278,434154,1680.391,5.7461,5.9338,6.116,269.725867976788
"1104",278,434155,1500.655,5.7207,5.9255,6.099,269.201219536188
"1105",278,434156,1299.342,5.7363,5.9466,5.998,264.98735313551
"1106",278,434157,1099.137,5.6967,5.9121,6.029,266.612745128262
"1107",278,434158,899.589,5.5215,5.7451,5.834,258.262132363433
"1108",278,434159,704.504,4.9347,5.1102,5.196,230.33785176008
"1109",278,434160,552.353,4.1031,4.2674,4.339,192.60809098112
"1110",278,434161,400.992,3.0761,3.1798,3.241,144.09431669782
"1111",278,434162,270.614,3.1769,3.3154,3.385,150.576404467548
"1112",278,434163,170.245,5.1156,5.3904,5.442,241.810798277841
"1113",278,434164,100.159,5.2602,5.5617,5.588,248.350151658552
"1114",278,434165,78.789,5.2255,5.5086,5.532,245.896641696797
"1115",278,434166,59.344,5.1164,5.3928,NA,NA
"1116",278,434167,49.661,4.6419,4.8919,4.968,220.9612973496
"1117",278,434168,39.351,5.2762,5.5571,NA,NA
"1118",278,434169,28.991,5.8057,6.1384,6.166,274.014825638002
"1119",278,434170,20.29,5.7913,6.1081,NA,NA
"1120",278,434171,10.13,5.7973,6.1179,6.163,273.910694761261
"1121",278,434172,3.997,5.8028,6.1346,6.192,275.204173926045
"1122",279,434173,2771.949,5.8479,6.0239,6.25,274.252391616201
"1123",279,434174,2701.064,5.8349,6.0053,6.23,273.465361984497
"1124",279,434175,2553.269,5.8213,6.0047,6.216,273.032420561112
"1125",279,434176,2400.19,5.8371,6.0024,NA,NA
"1126",279,434177,2217.75,5.8182,6.0056,NA,NA
"1127",279,434178,2022.496,5.784,5.9727,6.148,270.703752625998
"1128",279,434179,1803.135,5.7475,5.944,6.093,268.557377934832
"1129",279,434180,1552.752,5.7237,5.9236,6.063,267.548030939587
"1130",279,434181,1300.185,5.7194,5.9254,6.044,267.022561421601
"1131",279,434182,999.808,5.5434,5.7392,5.836,258.230208515203
"1132",279,434183,698.802,4.9256,5.1076,5.15,228.305243936087
"1133",279,434184,501.268,3.655,3.7761,3.824,169.852841864553
"1134",279,434185,350.156,3.0449,3.1565,3.213,142.887547281671
"1135",279,434186,202.958,5.0725,5.3332,5.437,241.560961096583
"1136",279,434187,152.432,5.1621,5.4036,5.457,242.496085292541
"1137",279,434188,101.166,4.6832,4.939,4.891,217.474334077607
"1138",279,434189,80.447,4.6686,4.9007,4.94,219.681722720058
"1139",279,434190,60.595,4.5609,4.8007,NA,NA
"1140",279,434191,50.418,4.6901,4.9447,5.026,223.531109212923
"1141",279,434192,39.767,5.4628,5.753,NA,NA
"1142",279,434193,29.562,5.5389,5.8763,5.936,263.844141489437
"1143",279,434194,19.504,5.7411,6.0433,NA,NA
"1144",279,434195,10.228,5.7347,6.0533,6.121,272.056923723664
"1145",279,434196,3.473,5.7948,6.0928,6.136,272.724794082143
"1146",283,434202,1085.583,5.6741,5.8876,6.047,267.430368331874
"1147",283,434203,980.756,5.627,5.8315,5.995,265.271940198091
"1148",283,434204,849.475,5.5354,5.7331,5.857,259.344338335877
"1149",283,434205,719.382,5.1971,5.409,5.49,243.300216108418
"1150",283,434206,617.269,4.9047,5.1041,5.191,230.212791741653
"1151",283,434207,500.035,4.3103,4.4679,4.556,202.261195708631
"1152",283,434208,400.744,3.5702,3.7028,3.79,168.434265228634
"1153",283,434209,300.115,2.9836,3.0978,3.167,140.88288914158
"1154",283,434210,200.139,3.8331,4.0164,4.009,178.297654662815
"1155",283,434211,149.714,4.3544,4.5886,4.675,207.876733734941
"1156",283,434212,101.655,4.6959,4.9279,5.023,223.345119679425
"1157",283,434213,79.29,4.8475,5.0992,5.175,230.098648576291
"1158",283,434214,61.215,5.0237,5.2823,5.402,240.179622452512
"1159",283,434215,51.203,5.3297,5.6092,5.678,252.401010624777
"1160",283,434216,39.24,5.4326,5.7263,5.823,258.838796481916
"1161",283,434217,28.343,6.0807,6.3992,6.458,286.937294869158
"1162",283,434218,19.234,6.8264,7.1169,7.071,314.024569080124
"1163",283,434219,11.474,6.748,7.0748,7.123,316.354462510545
"1164",283,434220,4.045,6.7717,7.1101,7.144,317.290126824394
"1165",289,434226,512.011,5.0519,5.2518,5.325,236.248735498425
"1166",289,434227,399.88,4.2221,4.3967,4.484,199.171632568936
"1167",289,434228,300.479,3.3369,3.4498,3.528,156.898085363973
"1168",289,434229,198.267,3.2975,3.4438,3.534,157.244227332644
"1169",289,434230,150.282,4.1243,4.3493,NA,NA
"1170",289,434231,100.836,5.0177,5.2796,5.399,240.000660757675
"1171",289,434232,79.832,5.2464,5.5492,NA,NA
"1172",289,434233,59.167,5.3025,5.5912,NA,NA
"1173",289,434234,48.958,5.3319,5.623,5.711,253.867958998931
"1174",289,434235,40.638,5.6725,5.972,NA,NA
"1175",289,434236,29.337,6.6284,7.0039,6.982,310.080598097643
"1176",289,434237,18.818,6.9045,7.2427,NA,NA
"1177",289,434238,9.927,6.8298,7.167,7.232,321.176388740514
"1178",289,434239,4.066,6.8007,7.1339,NA,NA
"1179",293,434240,95.578,4.7406,4.9605,5.051,224.591270071242
"1180",293,434241,79.522,4.7314,4.9655,NA,NA
"1181",293,434242,58.743,5.3605,5.6217,NA,NA
"1182",293,434243,49.353,5.5631,5.8561,5.917,262.978972991246
"1183",293,434244,41.858,5.9834,6.2803,NA,NA
"1184",293,434245,30.76,6.8137,7.1617,NA,NA
"1185",293,434246,20.723,6.9967,7.3276,NA,NA
"1186",293,434247,11.38,6.8704,7.2015,7.252,322.054525364161
"1187",293,434248,2.286,6.8553,7.17,7.23,321.099071187812
"1188",296,434249,78.247,4.689,4.9134,4.987,221.772087481578
"1189",296,434250,78.956,4.6967,4.9043,NA,NA
"1190",296,434251,59.502,5.6349,5.8944,NA,NA
"1191",296,434252,52.22,6.0884,6.368,6.361,282.602074172917
"1192",296,434253,40.054,6.3332,6.6491,NA,NA
"1193",296,434254,29.704,6.5998,6.8996,NA,NA
"1194",296,434255,20.316,7.0068,7.3493,NA,NA
"1195",296,434256,9.871,6.8323,7.1347,7.226,320.918167989849
"1196",296,434257,1.553,6.9172,7.2424,7.273,322.99294574061
"1197",300,434258,263.181,2.905,3.0089,2.646,117.736018580008
"1198",300,434259,201.76,2.6381,2.7363,2.807,124.964836134181
"1199",300,434260,149.234,2.9399,3.0671,3.122,138.987431474908
"1200",300,434261,98.963,3.4009,3.5296,3.565,158.690105094223
"1201",300,434262,79.982,4.3396,4.5517,NA,NA
"1202",300,434263,60.131,6.2063,6.5286,NA,NA
"1203",300,434264,49.575,6.4314,6.7459,6.702,297.673122649282
"1204",300,434265,39.875,6.8497,7.1505,NA,NA
"1205",300,434266,29.126,7.263,7.5414,NA,NA
"1206",300,434267,20.108,7.2062,7.5223,NA,NA
"1207",300,434268,10.695,7.102,7.4168,7.467,331.552948152149
"1208",300,434269,3.636,7.0815,7.41,7.456,331.076960694568
"1209",303,434270,146.002,3.1975,3.3011,NA,NA
"1210",303,434271,99.334,4.7845,4.9907,NA,NA
"1211",303,434272,75.128,5.8758,6.0926,NA,NA
"1212",303,434273,50.98,6.7654,6.9562,NA,NA
"1213",303,434274,40.486,7.1169,7.4291,NA,NA
"1214",303,434275,29.859,7.3634,7.6525,NA,NA
"1215",303,434276,20.278,7.1953,7.4747,NA,NA
"1216",303,434277,10.263,7.1921,7.4887,NA,NA
"1217",303,434278,5.136,7.1951,7.496,NA,NA
"1218",303,434279,2.693,7.191,7.4852,NA,NA
