,match_year,Year,SF6NH,X.1,X,MeanTemp,MeanSal,MeanSal_filled,MeanTemp_filled,temp_was_na,sal_was_na
1,1953.458333,1953.5,0.042,6,6,6.084165398,NA,34.74249935,6.084165398,FALSE,TRUE
2,1954.458333,1954.5,0.043,18,18,4.955067173,NA,34.74249935,4.955067173,FALSE,TRUE
3,1955.458333,1955.5,0.043,30,30,5.46894074,NA,34.74249935,5.46894074,FALSE,TRUE
4,1956.458333,1956.5,0.044,42,42,6.384135495,NA,34.74249935,6.384135495,FALSE,TRUE
5,1957.458333,1957.5,0.046,54,54,6.893972041,NA,34.74249935,6.893972041,FALSE,TRUE
6,1958.458333,1958.5,0.048,66,66,5.399732255,NA,34.74249935,5.399732255,FALSE,TRUE
7,1959.458333,1959.5,0.051,78,78,5.10076738,NA,34.74249935,5.10076738,FALSE,TRUE
8,1960.458333,1960.5,0.055,90,6,4.914535487,NA,34.74249935,4.914535487,FALSE,TRUE
9,1961.458333,1961.5,0.061,102,18,6.311428107,NA,34.74249935,6.311428107,FALSE,TRUE
10,1962.458333,1962.5,0.068,114,30,4.65159427,NA,34.74249935,4.65159427,FALSE,TRUE
11,1963.458333,1963.5,0.078,126,42,5.310431517,NA,34.74249935,5.310431517,FALSE,TRUE
12,1964.458333,1964.5,0.091,138,54,5.948094074,NA,34.74249935,5.948094074,FALSE,TRUE
13,1965.458333,1965.5,0.109,150,66,6.027500033,34.74249935,34.74249935,6.027500033,FALSE,FALSE
14,1966.458333,1966.5,0.131,162,78,5.669676497,34.7270001,34.7270001,5.669676497,FALSE,FALSE
15,1967.458333,1967.5,0.155,174,90,5.319159218,34.78471429,34.78471429,5.319159218,FALSE,FALSE
16,1968.458333,1968.5,0.181,186,102,4.455718729,34.58533335,34.58533335,4.455718729,FALSE,FALSE
17,1969.458333,1969.5,0.207,198,114,4.894143737,34.46446299,34.46446299,4.894143737,FALSE,FALSE
18,1970.458333,1970.5,0.235,210,6,4.047477782,34.29882349,34.29882349,4.047477782,FALSE,FALSE
19,1971.458333,1971.5,0.266,222,18,4.050666666,34.12440008,34.12440008,4.050666666,FALSE,FALSE
20,1972.458333,1972.5,0.301,234,30,3.687073161,34.43829281,34.43829281,3.687073161,FALSE,FALSE
21,1973.458333,1973.5,0.341,246,42,5.057093918,34.5791852,34.5791852,5.057093918,FALSE,FALSE
22,1974.458333,1974.5,0.386,258,54,4.531254179,34.61237431,34.61237431,4.531254179,FALSE,FALSE
23,1975.458333,1975.5,0.438,270,66,NA,NA,34.62155809,4.726244798,TRUE,TRUE
24,1976.458333,1976.5,0.501,282,78,NA,NA,34.63074187,4.921235418,TRUE,TRUE
25,1977.458333,1977.5,0.579,294,90,5.116226037,NA,34.63992565,5.116226037,FALSE,TRUE
26,1978.458333,1978.5,0.665,306,102,NA,NA,34.64910943,5.052672502,TRUE,TRUE
27,1979.458333,1979.5,0.766,318,114,NA,NA,34.65829321,4.989118966,TRUE,TRUE
28,1980.458333,1980.5,0.887,330,6,NA,NA,34.66747699,4.925565431,TRUE,TRUE
29,1981.458333,1981.5,1.011,342,18,NA,NA,34.67666077,4.862011895,TRUE,TRUE
30,1982.458333,1982.5,1.141,354,30,NA,NA,34.68584455,4.798458359,TRUE,TRUE
31,1983.458333,1983.5,1.273,366,42,NA,NA,34.69502833,4.734904824,TRUE,TRUE
32,1984.458333,1984.5,1.409,378,54,NA,NA,34.70421211,4.671351288,TRUE,TRUE
33,1985.458333,1985.5,1.562,390,66,NA,NA,34.71339589,4.607797753,TRUE,TRUE
34,1986.458333,1986.5,1.722,402,78,NA,NA,34.72257968,4.544244217,TRUE,TRUE
35,1987.458333,1987.5,1.892,414,90,NA,NA,34.73176346,4.480690682,TRUE,TRUE
36,1988.458333,1988.5,2.063,426,102,4.417137146,NA,34.74094724,4.417137146,FALSE,TRUE
37,1989.458333,1989.5,2.237,438,114,NA,NA,34.75013102,4.223435216,TRUE,TRUE
38,1990.458333,1990.5,2.427,450,6,NA,NA,34.7593148,4.029733286,TRUE,TRUE
39,1991.458333,1991.5,2.64,462,18,NA,NA,34.76849858,3.836031356,TRUE,TRUE
40,1992.458333,1992.5,2.868,474,30,3.642329426,34.77768236,34.77768236,3.642329426,FALSE,FALSE
41,1993.458333,1993.5,3.104,486,42,3.754433393,34.31796646,34.31796646,3.754433393,FALSE,FALSE
42,1994.458333,1994.5,3.35,498,54,3.618666649,33.98008716,33.98008716,3.618666649,FALSE,FALSE
43,1994.958333,1995,3.531,504,60,3.268428564,NA,34.26168206,3.268428564,FALSE,TRUE
44,1995.041667,1995.083333,3.47,505,61,2.664000034,NA,34.30861436,2.664000034,FALSE,TRUE
45,1995.208333,1995.166667,3.51,507,63,2.687999964,NA,34.35554722,2.687999964,FALSE,TRUE
46,1995.208333,1995.25,3.552,507,63,2.687999964,NA,34.40247952,2.687999964,FALSE,TRUE
47,1995.291667,1995.333333,3.566,508,64,2.644999981,NA,34.44941181,2.644999981,FALSE,TRUE
48,1995.458333,1995.416667,3.61,510,66,4.712266684,34.49634467,34.49634467,4.712266684,FALSE,FALSE
49,1995.458333,1995.5,3.58,510,66,4.712266684,34.49634467,34.49634467,4.712266684,FALSE,FALSE
50,1995.541667,1995.583333,3.644,511,67,5.900500011,34.52474976,34.52474976,5.900500011,FALSE,FALSE
51,1995.708333,1995.666667,3.669,513,69,5.248500109,34.51625061,34.51625061,5.248500109,FALSE,FALSE
52,1995.708333,1995.75,3.636,513,69,5.248500109,34.51625061,34.51625061,5.248500109,FALSE,FALSE
53,1995.791667,1995.833333,3.662,514,70,5.112499952,34.5217495,34.5217495,5.112499952,FALSE,FALSE
54,1995.958333,1995.916667,3.707,516,72,NA,NA,34.56879177,4.767747187,TRUE,TRUE
55,1995.958333,1996,3.737,516,72,NA,NA,34.61583347,4.422998559,TRUE,TRUE
56,1996.041667,1996.083333,3.741,517,73,NA,NA,34.66287518,4.078249931,TRUE,TRUE
57,1996.208333,1996.166667,3.815,519,75,NA,NA,34.70991744,3.733497166,TRUE,TRUE
58,1996.208333,1996.25,3.847,519,75,NA,NA,34.75695915,3.388748538,TRUE,TRUE
59,1996.291667,1996.333333,3.811,520,76,3.04399991,34.80400085,34.80400085,3.04399991,FALSE,FALSE
60,1996.458333,1996.416667,3.802,522,78,4.647249997,34.50174904,34.50174904,4.647249997,FALSE,FALSE
61,1996.458333,1996.5,3.832,522,78,4.647249997,34.50174904,34.50174904,4.647249997,FALSE,FALSE
62,1996.541667,1996.583333,3.856,523,79,5.896333377,34.50766627,34.50766627,5.896333377,FALSE,FALSE
63,1996.708333,1996.666667,3.848,525,81,NA,NA,34.40382435,5.655178651,TRUE,TRUE
64,1996.708333,1996.75,3.866,525,81,NA,NA,34.29998368,5.414026819,TRUE,TRUE
65,1996.791667,1996.833333,3.877,526,82,5.172874987,34.19614301,34.19614301,5.172874987,FALSE,FALSE
66,1996.958333,1996.916667,3.914,528,84,3.566100025,34.59550056,34.59550056,3.566100025,FALSE,FALSE
67,1996.958333,1997,3.951,528,84,3.566100025,34.59550056,34.59550056,3.566100025,FALSE,FALSE
68,1997.041667,1997.083333,3.983,529,85,2.980611093,34.69938893,34.69938893,2.980611093,FALSE,FALSE
69,1997.208333,1997.166667,3.981,531,87,2.816405419,34.7632633,34.7632633,2.816405419,FALSE,FALSE
70,1997.208333,1997.25,4.007,531,87,2.816405419,34.7632633,34.7632633,2.816405419,FALSE,FALSE
71,1997.291667,1997.333333,4.069,532,88,2.92809525,34.73437595,34.73437595,2.92809525,FALSE,FALSE
72,1997.458333,1997.416667,4.115,534,90,5.569468423,34.64950848,34.64950848,5.569468423,FALSE,FALSE
73,1997.458333,1997.5,4.148,534,90,5.569468423,34.64950848,34.64950848,5.569468423,FALSE,FALSE
74,1997.541667,1997.583333,4.123,535,91,7.53435913,34.51267471,34.51267471,7.53435913,FALSE,FALSE
75,1997.708333,1997.666667,4.162,537,93,8.645076972,34.30669227,34.30669227,8.645076972,FALSE,FALSE
76,1997.708333,1997.75,4.167,537,93,8.645076972,34.30669227,34.30669227,8.645076972,FALSE,FALSE
77,1997.791667,1997.833333,4.185,538,94,7.092666745,34.35409966,34.35409966,7.092666745,FALSE,FALSE
78,1997.958333,1997.916667,4.23,540,96,4.102214319,34.57029991,34.57029991,4.102214319,FALSE,FALSE
79,1997.958333,1998,4.247,540,96,4.102214319,34.57029991,34.57029991,4.102214319,FALSE,FALSE
80,1998.041667,1998.083333,4.252,541,97,3.18165383,34.55556679,34.55556679,3.18165383,FALSE,FALSE
81,1998.208333,1998.166667,4.26,543,99,2.942015153,34.75435009,34.75435009,2.942015153,FALSE,FALSE
82,1998.208333,1998.25,4.278,543,99,2.942015153,34.75435009,34.75435009,2.942015153,FALSE,FALSE
83,1998.291667,1998.333333,4.306,544,100,3.235860442,34.79519978,34.79519978,3.235860442,FALSE,FALSE
84,1998.458333,1998.416667,4.339,546,102,5.389163193,34.66499211,34.66499211,5.389163193,FALSE,FALSE
85,1998.458333,1998.5,4.332,546,102,5.389163193,34.66499211,34.66499211,5.389163193,FALSE,FALSE
86,1998.541667,1998.583333,4.316,547,103,6.41839446,34.62821175,34.62821175,6.41839446,FALSE,FALSE
87,1998.708333,1998.666667,4.344,549,105,8.676249941,34.08300018,34.08300018,8.676249941,FALSE,FALSE
88,1998.708333,1998.75,4.373,549,105,8.676249941,34.08300018,34.08300018,8.676249941,FALSE,FALSE
89,1998.791667,1998.833333,4.387,550,106,7.081611077,34.23285689,34.23285689,7.081611077,FALSE,FALSE
90,1998.958333,1998.916667,4.397,552,108,4.039923118,34.80149968,34.80149968,4.039923118,FALSE,FALSE
91,1998.958333,1999,4.421,552,108,4.039923118,34.80149968,34.80149968,4.039923118,FALSE,FALSE
92,1999.041667,1999.083333,4.43,553,109,3.310058818,33.67800045,33.67800045,3.310058818,FALSE,FALSE
93,1999.208333,1999.166667,4.443,555,111,2.678588233,33.77370033,33.77370033,2.678588233,FALSE,FALSE
94,1999.208333,1999.25,4.452,555,111,2.678588233,33.77370033,33.77370033,2.678588233,FALSE,FALSE
95,1999.291667,1999.333333,4.468,556,112,3.418588232,33.8828184,33.8828184,3.418588232,FALSE,FALSE
96,1999.458333,1999.416667,4.479,558,114,4.633142795,34.61533229,34.61533229,4.633142795,FALSE,FALSE
97,1999.458333,1999.5,4.49,558,114,4.633142795,34.61533229,34.61533229,4.633142795,FALSE,FALSE
98,1999.541667,1999.583333,4.488,559,115,6.733569345,34.53411032,34.53411032,6.733569345,FALSE,FALSE
99,1999.708333,1999.666667,4.501,561,117,7.685499907,NA,34.52308262,7.685499907,FALSE,TRUE
100,1999.708333,1999.75,4.518,561,117,7.685499907,NA,34.51205505,7.685499907,FALSE,TRUE
101,1999.791667,1999.833333,4.546,562,118,NA,NA,34.50102747,5.438430109,TRUE,TRUE
102,1999.958333,1999.916667,4.579,564,120,3.191333347,34.48999977,34.48999977,3.191333347,FALSE,FALSE
103,1999.958333,2000,4.614,564,120,3.191333347,34.48999977,34.48999977,3.191333347,FALSE,FALSE
104,2000.041667,2000.083333,4.619,565,1,2.742312521,34.68600082,34.68600082,2.742312521,FALSE,FALSE
105,2000.208333,2000.166667,4.621,567,3,2.909599972,NA,34.72100095,2.909599972,FALSE,TRUE
106,2000.208333,2000.25,4.647,567,3,2.909599972,NA,34.75600066,2.909599972,FALSE,TRUE
107,2000.291667,2000.333333,4.669,568,4,3.04400003,34.79100037,34.79100037,3.04400003,FALSE,FALSE
108,2000.458333,2000.416667,4.685,570,6,4.165960014,34.68562733,34.68562733,4.165960014,FALSE,FALSE
109,2000.458333,2000.5,4.695,570,6,4.165960014,34.68562733,34.68562733,4.165960014,FALSE,FALSE
110,2000.541667,2000.583333,4.708,571,7,6.484250009,NA,35.84630669,6.484250009,FALSE,TRUE
111,2000.708333,2000.666667,4.714,573,9,7.984166622,37.00699997,37.00699997,7.984166622,FALSE,FALSE
112,2000.708333,2000.75,4.74,573,9,7.984166622,37.00699997,37.00699997,7.984166622,FALSE,FALSE
113,2000.791667,2000.833333,4.76,574,10,5.659875035,33.65233358,33.65233358,5.659875035,FALSE,FALSE
114,2000.958333,2000.916667,4.784,576,12,3.108999968,31.40899944,31.40899944,3.108999968,FALSE,FALSE
115,2000.958333,2001,4.802,576,12,3.108999968,31.40899944,31.40899944,3.108999968,FALSE,FALSE
116,2001.041667,2001.083333,4.818,577,13,2.589833319,33.10639954,33.10639954,2.589833319,FALSE,FALSE
117,2001.208333,2001.166667,4.828,579,15,2.969199944,33.38680038,33.38680038,2.969199944,FALSE,FALSE
118,2001.208333,2001.25,4.857,579,15,2.969199944,33.38680038,33.38680038,2.969199944,FALSE,FALSE
119,2001.291667,2001.333333,4.886,580,16,2.903571435,32.9564991,32.9564991,2.903571435,FALSE,FALSE
120,2001.458333,2001.416667,4.901,582,18,5.6159091,34.61292106,34.61292106,5.6159091,FALSE,FALSE
121,2001.458333,2001.5,4.902,582,18,5.6159091,34.61292106,34.61292106,5.6159091,FALSE,FALSE
122,2001.541667,2001.583333,4.9,583,19,6.771499872,34.59199905,34.59199905,6.771499872,FALSE,FALSE
123,2001.708333,2001.666667,4.911,585,21,8.355923789,34.45600128,34.45600128,8.355923789,FALSE,FALSE
124,2001.708333,2001.75,4.942,585,21,8.355923789,34.45600128,34.45600128,8.355923789,FALSE,FALSE
125,2001.791667,2001.833333,4.965,586,22,5.849999905,NA,34.48115288,5.849999905,FALSE,TRUE
126,2001.958333,2001.916667,4.994,588,24,NA,NA,34.50630477,5.847161003,TRUE,TRUE
127,2001.958333,2002,5.017,588,24,NA,NA,34.53145637,5.844322136,TRUE,TRUE
128,2002.041667,2002.083333,5.031,589,25,NA,NA,34.55660797,5.841483269,TRUE,TRUE
129,2002.208333,2002.166667,5.053,591,27,NA,NA,34.58175986,5.838644368,TRUE,TRUE
130,2002.208333,2002.25,5.067,591,27,NA,NA,34.60691146,5.835805501,TRUE,TRUE
131,2002.291667,2002.333333,5.094,592,28,NA,NA,34.63206306,5.832966633,TRUE,TRUE
132,2002.458333,2002.416667,5.11,594,30,NA,NA,34.65721495,5.830127732,TRUE,TRUE
133,2002.458333,2002.5,5.122,594,30,NA,NA,34.68236655,5.827288865,TRUE,TRUE
134,2002.541667,2002.583333,5.122,595,31,5.824449998,34.70751814,34.70751814,5.824449998,FALSE,FALSE
135,2002.708333,2002.666667,5.125,597,33,7.872833331,34.54569944,34.54569944,7.872833331,FALSE,FALSE
136,2002.708333,2002.75,5.151,597,33,7.872833331,34.54569944,34.54569944,7.872833331,FALSE,FALSE
137,2002.791667,2002.833333,5.18,598,34,5.89279995,34.59613266,34.59613266,5.89279995,FALSE,FALSE
138,2002.958333,2002.916667,5.213,600,36,3.876677752,34.64864392,34.64864392,3.876677752,FALSE,FALSE
139,2002.958333,2003,5.234,600,36,3.876677752,34.64864392,34.64864392,3.876677752,FALSE,FALSE
140,2003.041667,2003.083333,5.253,601,37,NA,NA,34.71682147,3.4128416,TRUE,TRUE
141,2003.208333,2003.166667,5.272,603,39,2.948999882,34.78499985,34.78499985,2.948999882,FALSE,FALSE
142,2003.208333,2003.25,5.296,603,39,2.948999882,34.78499985,34.78499985,2.948999882,FALSE,FALSE
143,2003.291667,2003.333333,5.326,604,40,NA,NA,34.764125,4.356116495,TRUE,TRUE
144,2003.458333,2003.416667,5.358,606,42,5.763249993,34.74324989,34.74324989,5.763249993,FALSE,FALSE
145,2003.458333,2003.5,5.37,606,42,5.763249993,34.74324989,34.74324989,5.763249993,FALSE,FALSE
146,2003.541667,2003.583333,5.373,607,43,9.15047031,34.60921377,34.60921377,9.15047031,FALSE,FALSE
147,2003.708333,2003.666667,5.388,609,45,9.259816753,34.57855564,34.57855564,9.259816753,FALSE,FALSE
148,2003.708333,2003.75,5.41,609,45,9.259816753,34.57855564,34.57855564,9.259816753,FALSE,FALSE
149,2003.791667,2003.833333,5.431,610,46,7.61500001,34.63000107,34.63000107,7.61500001,FALSE,FALSE
150,2003.958333,2003.916667,5.463,612,48,4.009999871,34.76550102,34.76550102,4.009999871,FALSE,FALSE
151,2003.958333,2004,5.477,612,48,4.009999871,34.76550102,34.76550102,4.009999871,FALSE,FALSE
152,2004.041667,2004.083333,5.491,613,49,3.736674414,34.83419952,34.83419952,3.736674414,FALSE,FALSE
153,2004.208333,2004.166667,5.507,615,51,3.399588876,34.86391068,34.86391068,3.399588876,FALSE,FALSE
154,2004.208333,2004.25,5.538,615,51,3.399588876,34.86391068,34.86391068,3.399588876,FALSE,FALSE
155,2004.291667,2004.333333,5.554,616,52,3.625500023,34.82055569,34.82055569,3.625500023,FALSE,FALSE
156,2004.458333,2004.416667,5.574,618,54,4.763066769,34.81297938,34.81297938,4.763066769,FALSE,FALSE
157,2004.458333,2004.5,5.583,618,54,4.763066769,34.81297938,34.81297938,4.763066769,FALSE,FALSE
158,2004.541667,2004.583333,5.595,619,55,6.854000092,34.77775002,34.77775002,6.854000092,FALSE,FALSE
159,2004.708333,2004.666667,5.597,621,57,8.146812499,34.63917971,34.63917971,8.146812499,FALSE,FALSE
160,2004.708333,2004.75,5.607,621,57,8.146812499,34.63917971,34.63917971,8.146812499,FALSE,FALSE
161,2004.791667,2004.833333,5.642,622,58,6.827994479,34.60272837,34.60272837,6.827994479,FALSE,FALSE
162,2004.958333,2004.916667,5.686,624,60,3.781504164,35.2141201,35.2141201,3.781504164,FALSE,FALSE
163,2004.958333,2005,5.694,624,60,3.781504164,35.2141201,35.2141201,3.781504164,FALSE,FALSE
164,2005.041667,2005.083333,5.7,625,61,3.291180554,34.78735436,34.78735436,3.291180554,FALSE,FALSE
165,2005.208333,2005.166667,5.728,627,63,3.47724998,34.83161449,34.83161449,3.47724998,FALSE,FALSE
166,2005.208333,2005.25,5.762,627,63,3.47724998,34.83161449,34.83161449,3.47724998,FALSE,FALSE
167,2005.291667,2005.333333,5.772,628,64,3.542749941,34.78730774,34.78730774,3.542749941,FALSE,FALSE
168,2005.458333,2005.416667,5.789,630,66,6.060850048,34.70199966,34.70199966,6.060850048,FALSE,FALSE
169,2005.458333,2005.5,5.81,630,66,6.060850048,34.70199966,34.70199966,6.060850048,FALSE,FALSE
170,2005.541667,2005.583333,5.814,631,67,9.992842097,34.55781729,34.55781729,9.992842097,FALSE,FALSE
171,2005.708333,2005.666667,5.814,633,69,8.883820958,34.55636673,34.55636673,8.883820958,FALSE,FALSE
172,2005.708333,2005.75,5.841,633,69,8.883820958,34.55636673,34.55636673,8.883820958,FALSE,FALSE
173,2005.791667,2005.833333,5.865,634,70,6.34349978,34.63256741,34.63256741,6.34349978,FALSE,FALSE
174,2005.958333,2005.916667,5.901,636,72,4.201666673,34.67511241,34.67511241,4.201666673,FALSE,FALSE
175,2005.958333,2006,5.944,636,72,4.201666673,34.67511241,34.67511241,4.201666673,FALSE,FALSE
176,2006.041667,2006.083333,5.968,637,73,3.554750055,34.80319548,34.80319548,3.554750055,FALSE,FALSE
177,2006.208333,2006.166667,5.963,639,75,3.520666718,34.82022413,34.82022413,3.520666718,FALSE,FALSE
178,2006.208333,2006.25,5.98,639,75,3.520666718,34.82022413,34.82022413,3.520666718,FALSE,FALSE
179,2006.291667,2006.333333,6.015,640,76,3.531799984,34.7019249,34.7019249,3.531799984,FALSE,FALSE
180,2006.458333,2006.416667,6.037,642,78,6.08799994,34.65075207,34.65075207,6.08799994,FALSE,FALSE
181,2006.458333,2006.5,6.042,642,78,6.08799994,34.65075207,34.65075207,6.08799994,FALSE,FALSE
182,2006.541667,2006.583333,6.043,643,79,9.198125124,34.53799947,34.53799947,9.198125124,FALSE,FALSE
183,2006.708333,2006.666667,6.06,645,81,10.07580301,34.43228626,34.43228626,10.07580301,FALSE,FALSE
184,2006.708333,2006.75,6.086,645,81,10.07580301,34.43228626,34.43228626,10.07580301,FALSE,FALSE
185,2006.791667,2006.833333,6.112,646,82,7.595699883,34.4692482,34.4692482,7.595699883,FALSE,FALSE
186,2006.958333,2006.916667,6.147,648,84,3.956333319,34.62767474,34.62767474,3.956333319,FALSE,FALSE
187,2006.958333,2007,6.179,648,84,3.956333319,34.62767474,34.62767474,3.956333319,FALSE,FALSE
188,2007.041667,2007.083333,6.215,649,85,3.631000042,34.74500275,34.74500275,3.631000042,FALSE,FALSE
189,2007.208333,2007.166667,6.222,651,87,4.002499998,34.81300163,34.81300163,4.002499998,FALSE,FALSE
190,2007.208333,2007.25,6.251,651,87,4.002499998,34.81300163,34.81300163,4.002499998,FALSE,FALSE
191,2007.291667,2007.333333,6.287,652,88,3.684399962,34.77696457,34.77696457,3.684399962,FALSE,FALSE
192,2007.458333,2007.416667,6.324,654,90,5.333000024,34.69979318,34.69979318,5.333000024,FALSE,FALSE
193,2007.458333,2007.5,6.325,654,90,5.333000024,34.69979318,34.69979318,5.333000024,FALSE,FALSE
194,2007.541667,2007.583333,6.335,655,91,8.172428472,34.62216023,34.62216023,8.172428472,FALSE,FALSE
195,2007.708333,2007.666667,6.348,657,93,7.710666498,34.45269775,34.45269775,7.710666498,FALSE,FALSE
196,2007.708333,2007.75,6.381,657,93,7.710666498,34.45269775,34.45269775,7.710666498,FALSE,FALSE
197,2007.791667,2007.833333,6.41,658,94,5.832666556,34.54937871,34.54937871,5.832666556,FALSE,FALSE
198,2007.958333,2007.916667,6.442,660,96,4.000200081,34.72869186,34.72869186,4.000200081,FALSE,FALSE
199,2007.958333,2008,6.472,660,96,4.000200081,34.72869186,34.72869186,4.000200081,FALSE,FALSE
200,2008.041667,2008.083333,6.495,661,97,3.3244444,34.77949015,34.77949015,3.3244444,FALSE,FALSE
201,2008.208333,2008.166667,6.51,663,99,3.300499916,34.8380022,34.8380022,3.300499916,FALSE,FALSE
202,2008.208333,2008.25,6.534,663,99,3.300499916,34.8380022,34.8380022,3.300499916,FALSE,FALSE
203,2008.291667,2008.333333,6.571,664,100,3.415944454,34.83100891,34.83100891,3.415944454,FALSE,FALSE
204,2008.458333,2008.416667,6.602,666,102,6.015625,34.51919317,34.51919317,6.015625,FALSE,FALSE
205,2008.458333,2008.5,6.625,666,102,6.015625,34.51919317,34.51919317,6.015625,FALSE,FALSE
206,2008.541667,2008.583333,6.64,667,103,9.050937563,34.32570171,34.32570171,9.050937563,FALSE,FALSE
207,2008.708333,2008.666667,6.655,669,105,9.271777762,34.27896839,34.27896839,9.271777762,FALSE,FALSE
208,2008.708333,2008.75,6.686,669,105,9.271777762,34.27896839,34.27896839,9.271777762,FALSE,FALSE
209,2008.791667,2008.833333,6.722,670,106,6.169166644,34.31180032,34.31180032,6.169166644,FALSE,FALSE
210,2008.958333,2008.916667,6.76,672,108,3.370999972,34.57375971,34.57375971,3.370999972,FALSE,FALSE
211,2008.958333,2009,6.78,672,108,3.370999972,34.57375971,34.57375971,3.370999972,FALSE,FALSE
212,2009.041667,2009.083333,6.796,673,109,3.172166705,34.67423439,34.67423439,3.172166705,FALSE,FALSE
213,2009.208333,2009.166667,6.804,675,111,3.275500059,34.802145,34.802145,3.275500059,FALSE,FALSE
214,2009.208333,2009.25,6.829,675,111,3.275500059,34.802145,34.802145,3.275500059,FALSE,FALSE
215,2009.291667,2009.333333,6.857,676,112,3.306333383,34.81656265,34.81656265,3.306333383,FALSE,FALSE
216,2009.458333,2009.416667,6.883,678,114,4.434000068,34.7383088,34.7383088,4.434000068,FALSE,FALSE
217,2009.458333,2009.5,6.898,678,114,4.434000068,34.7383088,34.7383088,4.434000068,FALSE,FALSE
218,2009.541667,2009.583333,6.911,679,115,7.352500041,34.5455477,34.5455477,7.352500041,FALSE,FALSE
219,2009.708333,2009.666667,6.927,681,117,7.456749916,34.42942874,34.42942874,7.456749916,FALSE,FALSE
220,2009.708333,2009.75,6.958,681,117,7.456749916,34.42942874,34.42942874,7.456749916,FALSE,FALSE
221,2009.791667,2009.833333,6.993,682,118,6.023090883,34.49565991,34.49565991,6.023090883,FALSE,FALSE
222,2009.958333,2009.916667,7.02,684,120,3.670588227,34.69761254,34.69761254,3.670588227,FALSE,FALSE
223,2009.958333,2010,7.046,684,120,3.670588227,34.69761254,34.69761254,3.670588227,FALSE,FALSE
224,2010.041667,2010.083333,7.08,685,1,3.505894749,34.71946315,34.71946315,3.505894749,FALSE,FALSE
225,2010.208333,2010.166667,7.117,687,3,3.329666662,34.74458567,34.74458567,3.329666662,FALSE,FALSE
226,2010.208333,2010.25,7.148,687,3,3.329666662,34.74458567,34.74458567,3.329666662,FALSE,FALSE
227,2010.291667,2010.333333,7.173,688,4,3.441500008,34.72865327,34.72865327,3.441500008,FALSE,FALSE
228,2010.458333,2010.416667,7.191,690,6,6.16950001,34.57959121,34.57959121,6.16950001,FALSE,FALSE
229,2010.458333,2010.5,7.214,690,6,6.16950001,34.57959121,34.57959121,6.16950001,FALSE,FALSE
230,2010.541667,2010.583333,7.233,691,7,8.490470578,34.46401955,34.46401955,8.490470578,FALSE,FALSE
231,2010.708333,2010.666667,7.244,693,9,10.06100005,34.4016943,34.4016943,10.06100005,FALSE,FALSE
232,2010.708333,2010.75,7.263,693,9,10.06100005,34.4016943,34.4016943,10.06100005,FALSE,FALSE
233,2010.791667,2010.833333,7.296,694,10,7.074076873,34.46917901,34.46917901,7.074076873,FALSE,FALSE
234,2010.958333,2010.916667,7.31,696,12,4.944800019,34.57206764,34.57206764,4.944800019,FALSE,FALSE
235,2010.958333,2011,7.324,696,12,4.944800019,34.57206764,34.57206764,4.944800019,FALSE,FALSE
236,2011.041667,2011.083333,7.349,697,13,4.504388889,34.59876781,34.59876781,4.504388889,FALSE,FALSE
237,2011.208333,2011.166667,7.374,699,15,3.589250028,34.78567266,34.78567266,3.589250028,FALSE,FALSE
238,2011.208333,2011.25,7.395,699,15,3.589250028,34.78567266,34.78567266,3.589250028,FALSE,FALSE
239,2011.291667,2011.333333,7.434,700,16,3.402500004,34.77445459,34.77445459,3.402500004,FALSE,FALSE
240,2011.458333,2011.416667,7.469,702,18,4.872409062,34.55812003,34.55812003,4.872409062,FALSE,FALSE
241,2011.458333,2011.5,7.484,702,18,4.872409062,34.55812003,34.55812003,4.872409062,FALSE,FALSE
242,2011.541667,2011.583333,7.476,703,19,7.497143348,34.44245046,34.44245046,7.497143348,FALSE,FALSE
243,2011.708333,2011.666667,7.499,705,21,8.109400082,34.37056732,34.37056732,8.109400082,FALSE,FALSE
244,2011.708333,2011.75,7.532,705,21,8.109400082,34.37056732,34.37056732,8.109400082,FALSE,FALSE
245,2011.791667,2011.833333,7.568,706,22,6.24380002,34.44744453,34.44744453,6.24380002,FALSE,FALSE
246,2011.958333,2011.916667,7.604,708,24,3.413999992,34.5972593,34.5972593,3.413999992,FALSE,FALSE
247,2011.958333,2012,7.636,708,24,3.413999992,34.5972593,34.5972593,3.413999992,FALSE,FALSE
248,2012.041667,2012.083333,7.647,709,25,3.314999994,34.72980601,34.72980601,3.314999994,FALSE,FALSE
249,2012.208333,2012.166667,7.669,711,27,3.182555552,34.77848704,34.77848704,3.182555552,FALSE,FALSE
250,2012.208333,2012.25,7.699,711,27,3.182555552,34.77848704,34.77848704,3.182555552,FALSE,FALSE
251,2012.291667,2012.333333,7.727,712,28,3.435230787,34.74211003,34.74211003,3.435230787,FALSE,FALSE
252,2012.458333,2012.416667,7.748,714,30,6.568631472,34.50899225,34.50899225,6.568631472,FALSE,FALSE
253,2012.458333,2012.5,7.753,714,30,6.568631472,34.50899225,34.50899225,6.568631472,FALSE,FALSE
254,2012.541667,2012.583333,7.758,715,31,8.731588308,34.33060051,34.33060051,8.731588308,FALSE,FALSE
255,2012.708333,2012.666667,7.78,717,33,9.871363727,34.26551923,34.26551923,9.871363727,FALSE,FALSE
256,2012.708333,2012.75,7.813,717,33,9.871363727,34.26551923,34.26551923,9.871363727,FALSE,FALSE
257,2012.791667,2012.833333,7.852,718,34,7.390363607,34.25089299,34.25089299,7.390363607,FALSE,FALSE
258,2012.958333,2012.916667,7.892,720,36,3.853600025,34.51780777,34.51780777,3.853600025,FALSE,FALSE
259,2012.958333,2013,7.92,720,36,3.853600025,34.51780777,34.51780777,3.853600025,FALSE,FALSE
260,2013.041667,2013.083333,7.953,721,37,3.337833345,34.56575902,34.56575902,3.337833345,FALSE,FALSE
261,2013.208333,2013.166667,7.983,723,39,3.371454564,34.97097501,34.97097501,3.371454564,FALSE,FALSE
262,2013.208333,2013.25,8.005,723,39,3.371454564,34.97097501,34.97097501,3.371454564,FALSE,FALSE
263,2013.291667,2013.333333,8.03,724,40,3.520285743,34.66218676,34.66218676,3.520285743,FALSE,FALSE
264,2013.458333,2013.416667,8.07,726,42,4.685499958,34.57857677,34.57857677,4.685499958,FALSE,FALSE
265,2013.458333,2013.5,8.095,726,42,4.685499958,34.57857677,34.57857677,4.685499958,FALSE,FALSE
266,2013.541667,2013.583333,8.104,727,43,6.389374986,34.54223299,34.54223299,6.389374986,FALSE,FALSE
267,2013.708333,2013.666667,8.127,729,45,7.37700005,34.59877084,34.59877084,7.37700005,FALSE,FALSE
268,2013.708333,2013.75,8.173,729,45,7.37700005,34.59877084,34.59877084,7.37700005,FALSE,FALSE
269,2013.791667,2013.833333,8.204,730,46,6.584312513,34.59137869,34.59137869,6.584312513,FALSE,FALSE
270,2013.958333,2013.916667,8.221,732,48,3.543111112,34.75030178,34.75030178,3.543111112,FALSE,FALSE
271,2013.958333,2014,8.244,732,48,3.543111112,34.75030178,34.75030178,3.543111112,FALSE,FALSE
272,2014.041667,2014.083333,8.26,733,49,3.240062475,34.7402916,34.7402916,3.240062475,FALSE,FALSE
273,2014.208333,2014.166667,8.279,735,51,3.345285722,34.83023998,34.83023998,3.345285722,FALSE,FALSE
274,2014.208333,2014.25,8.316,735,51,3.345285722,34.83023998,34.83023998,3.345285722,FALSE,FALSE
275,2014.291667,2014.333333,8.365,736,52,3.084888909,34.70883221,34.70883221,3.084888909,FALSE,FALSE
276,2014.458333,2014.416667,8.403,738,54,5.731999969,34.50056992,34.50056992,5.731999969,FALSE,FALSE
277,2014.458333,2014.5,8.432,738,54,5.731999969,34.50056992,34.50056992,5.731999969,FALSE,FALSE
278,2014.541667,2014.583333,8.452,739,55,9.487300014,34.56254692,34.56254692,9.487300014,FALSE,FALSE
279,2014.708333,2014.666667,8.476,741,57,8.30999989,34.51388804,34.51388804,8.30999989,FALSE,FALSE
280,2014.708333,2014.75,8.515,741,57,8.30999989,34.51388804,34.51388804,8.30999989,FALSE,FALSE
281,2014.791667,2014.833333,8.557,742,58,5.781136383,34.48916036,34.48916036,5.781136383,FALSE,FALSE
282,2014.958333,2014.916667,8.603,744,60,3.645363634,34.74067202,34.74067202,3.645363634,FALSE,FALSE
283,2014.958333,2015,8.621,744,60,3.645363634,34.74067202,34.74067202,3.645363634,FALSE,FALSE
284,2015.041667,2015.083333,8.622,745,61,3.411133353,34.78594182,34.78594182,3.411133353,FALSE,FALSE
285,2015.208333,2015.166667,8.638,747,63,3.044705903,34.78552493,34.78552493,3.044705903,FALSE,FALSE
286,2015.208333,2015.25,8.68,747,63,3.044705903,34.78552493,34.78552493,3.044705903,FALSE,FALSE
287,2015.291667,2015.333333,8.718,748,64,2.978812501,34.72370458,34.72370458,2.978812501,FALSE,FALSE
288,2015.458333,2015.416667,8.743,750,66,3.982399988,34.65989265,34.65989265,3.982399988,FALSE,FALSE
289,2015.458333,2015.5,8.76,750,66,3.982399988,34.65989265,34.65989265,3.982399988,FALSE,FALSE
290,2015.541667,2015.583333,8.756,751,67,7.94226675,34.54510752,34.54510752,7.94226675,FALSE,FALSE
291,2015.708333,2015.666667,8.774,753,69,8.44699989,34.37383597,34.37383597,8.44699989,FALSE,FALSE
292,2015.708333,2015.75,8.823,753,69,8.44699989,34.37383597,34.37383597,8.44699989,FALSE,FALSE
293,2015.791667,2015.833333,8.879,754,70,5.78461537,34.34753711,34.34753711,5.78461537,FALSE,FALSE
294,2015.958333,2015.916667,8.913,756,72,2.588416666,34.58196513,34.58196513,2.588416666,FALSE,FALSE
295,2015.958333,2016,8.933,756,72,2.588416666,34.58196513,34.58196513,2.588416666,FALSE,FALSE
296,2016.041667,2016.083333,8.947,757,73,2.6713846,34.71700375,34.71700375,2.6713846,FALSE,FALSE
297,2016.208333,2016.166667,8.965,759,75,3.168000005,34.82711549,34.82711549,3.168000005,FALSE,FALSE
298,2016.208333,2016.25,9.011,759,75,3.168000005,34.82711549,34.82711549,3.168000005,FALSE,FALSE
299,2016.291667,2016.333333,9.068,760,76,3.195105252,34.77566348,34.77566348,3.195105252,FALSE,FALSE
300,2016.458333,2016.416667,9.113,762,78,5.944520667,34.68242376,34.68242376,5.944520667,FALSE,FALSE
301,2016.458333,2016.5,9.123,762,78,5.944520667,34.68242376,34.68242376,5.944520667,FALSE,FALSE
302,2016.541667,2016.583333,9.116,763,79,8.702600098,34.54610672,34.54610672,8.702600098,FALSE,FALSE
303,2016.708333,2016.666667,9.108,765,81,8.275363619,34.49580522,34.49580522,8.275363619,FALSE,FALSE
304,2016.708333,2016.75,9.136,765,81,8.275363619,34.49580522,34.49580522,8.275363619,FALSE,FALSE
305,2016.791667,2016.833333,9.201,766,82,6.316764747,34.58070665,34.58070665,6.316764747,FALSE,FALSE
306,2016.958333,2016.916667,9.256,768,84,3.550538467,34.72258788,34.72258788,3.550538467,FALSE,FALSE
307,2016.958333,2017,9.284,768,84,3.550538467,34.72258788,34.72258788,3.550538467,FALSE,FALSE
308,2017.041667,2017.083333,9.294,769,85,3.108500004,34.79500062,34.79500062,3.108500004,FALSE,FALSE
309,2017.208333,2017.166667,9.309,771,87,3.086107152,34.8415466,34.8415466,3.086107152,FALSE,FALSE
310,2017.208333,2017.25,9.348,771,87,3.086107152,34.8415466,34.8415466,3.086107152,FALSE,FALSE
311,2017.291667,2017.333333,9.406,772,88,3.146374971,34.82462406,34.82462406,3.146374971,FALSE,FALSE
312,2017.458333,2017.416667,9.438,774,90,5.806545518,34.72214369,34.72214369,5.806545518,FALSE,FALSE
313,2017.458333,2017.5,9.457,774,90,5.806545518,34.72214369,34.72214369,5.806545518,FALSE,FALSE
314,2017.541667,2017.583333,9.443,775,91,7.805799961,34.56355667,34.56355667,7.805799961,FALSE,FALSE
315,2017.708333,2017.666667,9.482,777,93,9.168272799,34.42441594,34.42441594,9.168272799,FALSE,FALSE
316,2017.708333,2017.75,9.531,777,93,9.168272799,34.42441594,34.42441594,9.168272799,FALSE,FALSE
317,2017.791667,2017.833333,9.565,778,94,5.933555524,34.5417152,34.5417152,5.933555524,FALSE,FALSE
318,2017.958333,2017.916667,9.582,780,96,3.652466647,34.70616201,34.70616201,3.652466647,FALSE,FALSE
319,2017.958333,2018,9.608,780,96,3.652466647,34.70616201,34.70616201,3.652466647,FALSE,FALSE
320,2018.041667,2018.083333,9.643,781,97,3.235692318,34.77010844,34.77010844,3.235692318,FALSE,FALSE
321,2018.208333,2018.166667,9.674,783,99,2.756999994,34.69577567,34.69577567,2.756999994,FALSE,FALSE
322,2018.208333,2018.25,9.702,783,99,2.756999994,34.69577567,34.69577567,2.756999994,FALSE,FALSE
323,2018.291667,2018.333333,9.717,784,100,3.170133336,34.7450119,34.7450119,3.170133336,FALSE,FALSE
324,2018.458333,2018.416667,9.753,786,102,4.207869689,34.38462418,34.38462418,4.207869689,FALSE,FALSE
325,2018.458333,2018.5,9.782,786,102,4.207869689,34.38462418,34.38462418,4.207869689,FALSE,FALSE
326,2018.541667,2018.583333,9.792,787,103,6.369975042,34.44776688,34.44776688,6.369975042,FALSE,FALSE
327,2018.708333,2018.666667,9.784,789,105,7.654550076,31.68346977,31.68346977,7.654550076,FALSE,FALSE
328,2018.708333,2018.75,9.825,789,105,7.654550076,31.68346977,31.68346977,7.654550076,FALSE,FALSE
329,2018.791667,2018.833333,9.897,790,106,5.077860085,33.1985817,33.1985817,5.077860085,FALSE,FALSE
330,2018.958333,2018.916667,9.95,792,108,3.501246707,34.61799316,34.61799316,3.501246707,FALSE,FALSE
331,2018.958333,2019,9.974,792,108,3.501246707,34.61799316,34.61799316,3.501246707,FALSE,FALSE
332,2019.041667,2019.083333,9.991,793,109,2.977199988,34.63922466,34.63922466,2.977199988,FALSE,FALSE
333,2019.208333,2019.166667,10.009,795,111,2.961160016,34.78901062,34.78901062,2.961160016,FALSE,FALSE
334,2019.208333,2019.25,10.039,795,111,2.961160016,34.78901062,34.78901062,2.961160016,FALSE,FALSE
335,2019.291667,2019.333333,10.075,796,112,3.168233342,34.80505625,34.80505625,3.168233342,FALSE,FALSE
336,2019.458333,2019.416667,10.097,798,114,5.572181853,34.58742749,34.58742749,5.572181853,FALSE,FALSE
337,2019.458333,2019.5,10.115,798,114,5.572181853,34.58742749,34.58742749,5.572181853,FALSE,FALSE
338,2019.541667,2019.583333,10.136,799,115,7.447171955,34.47392319,34.47392319,7.447171955,FALSE,FALSE
339,2019.708333,2019.666667,10.166,801,117,8.486470127,34.28041172,34.28041172,8.486470127,FALSE,FALSE
340,2019.708333,2019.75,10.199,801,117,8.486470127,34.28041172,34.28041172,8.486470127,FALSE,FALSE
341,2019.791667,2019.833333,10.226,802,118,7.406647637,34.25505793,34.25505793,7.406647637,FALSE,FALSE
342,2019.958333,2019.916667,10.256,804,120,4.061527252,34.44567403,34.44567403,4.061527252,FALSE,FALSE
343,2019.958333,2020,10.291,804,120,4.061527252,34.44567403,34.44567403,4.061527252,FALSE,FALSE
344,2020.041667,2020.083333,10.311,805,1,3.285397488,34.6070364,34.6070364,3.285397488,FALSE,FALSE
345,2020.208333,2020.166667,10.322,807,3,3.050596786,34.71243674,34.71243674,3.050596786,FALSE,FALSE
346,2020.208333,2020.25,10.34,807,3,3.050596786,34.71243674,34.71243674,3.050596786,FALSE,FALSE
347,2020.291667,2020.333333,10.374,808,4,3.220399982,34.54978341,34.54978341,3.220399982,FALSE,FALSE
348,2020.458333,2020.416667,10.422,810,6,5.384993792,34.61026645,34.61026645,5.384993792,FALSE,FALSE
349,2020.458333,2020.5,10.448,810,6,5.384993792,34.61026645,34.61026645,5.384993792,FALSE,FALSE
350,2020.541667,2020.583333,10.456,811,7,8.73657138,34.50349099,34.50349099,8.73657138,FALSE,FALSE
351,2020.708333,2020.666667,10.478,813,9,9.152137904,34.47651725,34.47651725,9.152137904,FALSE,FALSE
352,2020.708333,2020.75,10.522,813,9,9.152137904,34.47651725,34.47651725,9.152137904,FALSE,FALSE
353,2020.791667,2020.833333,10.559,814,10,6.415043458,34.51004393,34.51004393,6.415043458,FALSE,FALSE
354,2020.958333,2020.916667,10.588,816,12,3.524481482,34.67991864,34.67991864,3.524481482,FALSE,FALSE
355,2020.958333,2021,10.616,816,12,3.524481482,34.67991864,34.67991864,3.524481482,FALSE,FALSE
356,2021.041667,2021.083333,10.647,817,13,3.256340751,34.69160405,34.69160405,3.256340751,FALSE,FALSE
357,2021.208333,2021.166667,10.674,819,15,3.318879999,34.78184346,34.78184346,3.318879999,FALSE,FALSE
358,2021.208333,2021.25,10.72,819,15,3.318879999,34.78184346,34.78184346,3.318879999,FALSE,FALSE
359,2021.291667,2021.333333,10.767,820,16,3.681107686,34.78478153,34.78478153,3.681107686,FALSE,FALSE
360,2021.458333,2021.416667,10.811,822,18,6.225620846,34.59979693,34.59979693,6.225620846,FALSE,FALSE
361,2021.458333,2021.5,10.835,822,18,6.225620846,34.59979693,34.59979693,6.225620846,FALSE,FALSE
362,2021.541667,2021.583333,10.851,823,19,7.726500002,34.50439748,34.50439748,7.726500002,FALSE,FALSE
363,2021.708333,2021.666667,10.873,825,21,9.233527184,34.4088726,34.4088726,9.233527184,FALSE,FALSE
364,2021.708333,2021.75,10.922,825,21,9.233527184,34.4088726,34.4088726,9.233527184,FALSE,FALSE
365,2021.791667,2021.833333,10.962,826,22,7.064500003,34.46268976,34.46268976,7.064500003,FALSE,FALSE
366,2021.958333,2021.916667,11.007,828,24,4.100619055,34.63609514,34.63609514,4.100619055,FALSE,FALSE
367,2021.958333,2022,11.048,828,24,4.100619055,34.63609514,34.63609514,4.100619055,FALSE,FALSE
368,2022.041667,2022.083333,11.078,829,25,3.545368408,34.70305272,34.70305272,3.545368408,FALSE,FALSE
369,2022.208333,2022.166667,11.091,831,27,3.172058835,34.7966883,34.7966883,3.172058835,FALSE,FALSE
370,2022.208333,2022.25,11.131,831,27,3.172058835,34.7966883,34.7966883,3.172058835,FALSE,FALSE
371,2022.291667,2022.333333,11.172,832,28,2.957733329,34.67080053,34.67080053,2.957733329,FALSE,FALSE
372,2022.458333,2022.416667,11.216,834,30,5.163205883,34.53067667,34.53067667,5.163205883,FALSE,FALSE
373,2022.458333,2022.5,11.242,834,30,5.163205883,34.53067667,34.53067667,5.163205883,FALSE,FALSE
374,2022.541667,2022.583333,11.25,835,31,7.839849973,34.44390049,34.44390049,7.839849973,FALSE,FALSE
375,2022.708333,2022.666667,11.254,837,33,10.06636359,34.26609074,34.26609074,10.06636359,FALSE,FALSE
376,2022.708333,2022.75,11.282,837,33,10.06636359,34.26609074,34.26609074,10.06636359,FALSE,FALSE
377,2022.791667,2022.833333,11.337,838,34,7.561642828,34.29233424,34.29233424,7.561642828,FALSE,FALSE
378,2022.958333,2022.916667,11.383,840,36,3.725389653,34.57924205,34.57924205,3.725389653,FALSE,FALSE
379,2022.958333,2023,11.412,840,36,3.725389653,34.57924205,34.57924205,3.725389653,FALSE,FALSE
380,2023.041667,2023.083333,11.429,841,37,3.328682142,34.64860739,34.64860739,3.328682142,FALSE,FALSE
381,2023.208333,2023.166667,11.439,843,39,3.142604535,34.75909441,34.75909441,3.142604535,FALSE,FALSE
382,2023.208333,2023.25,11.477,843,39,3.142604535,34.75909441,34.75909441,3.142604535,FALSE,FALSE
383,2023.291667,2023.333333,11.538,844,40,3.406923074,34.72453983,34.72453983,3.406923074,FALSE,FALSE
384,2023.458333,2023.416667,11.62,846,42,5.886400127,34.7010025,34.7010025,5.886400127,FALSE,FALSE
385,2023.458333,2023.5,11.656,846,42,5.886400127,34.7010025,34.7010025,5.886400127,FALSE,FALSE
386,2023.541667,2023.583333,11.661,847,43,9.514153957,34.33130881,34.33130881,9.514153957,FALSE,FALSE
387,2023.708333,2023.666667,11.665,849,45,9.996241808,34.42308331,34.42308331,9.996241808,FALSE,FALSE
388,2023.708333,2023.75,11.7,849,45,9.996241808,34.42308331,34.42308331,9.996241808,FALSE,FALSE
389,2023.791667,2023.833333,11.739,850,46,8.051094167,34.3713527,34.3713527,8.051094167,FALSE,FALSE
390,2023.958333,2023.916667,11.813,852,48,3.963675724,34.6108651,34.6108651,3.963675724,FALSE,FALSE
391,2023.958333,2024,11.836,852,48,3.963675724,34.6108651,34.6108651,3.963675724,FALSE,FALSE
392,2024.041667,2024.083333,11.859,853,49,3.398334783,34.65287018,34.65287018,3.398334783,FALSE,FALSE
